Zip_Code,City,State,CountyName,2010-03,2010-04,2010-05,2010-06,2010-07,2010-08,2010-09,2010-10,2010-11,2010-12,2011-01,2011-02,2011-03,2011-04,2011-05,2011-06,2011-07,2011-08,2011-09,2011-10,2011-11,2011-12,2012-01,2012-02,2012-03,2012-04,2012-05,2012-06,2012-07,2012-08,2012-09,2012-10,2012-11,2012-12,2013-01,2013-02,2013-03,2013-04,2013-05,2013-06,2013-07,2013-08,2013-09,2013-10,2013-11,2013-12,2014-01,2014-02,2014-03,2014-04,2014-05,2014-06,2014-07,2014-08,2014-09,2014-10,2014-11,2014-12,2015-01,2015-02,2015-03,2015-04,2015-05,2015-06,2015-07,2015-08,2015-09,2015-10,2015-11,2015-12,2016-01,2016-02,2016-03,2016-04,2016-05,2016-06,2016-07,2016-08,2016-09,2016-10,2016-11,2016-12,2017-01,2017-02,2017-03,2017-04,2017-05,2017-06,2017-07,2017-08,2017-09,2017-10,2017-11,2017-12,2018-01,2018-02,2018-03,2018-04,2018-05,2018-06,2018-07,2018-08,2018-09,2018-10,2018-11,2018-12,2019-01,2019-02,2019-03,2019-04
77494,Katy,TX,Harris County,0,0,0,0,0,0,0,0,0,0,0,0,0,0,0,0,0,0,0,0,0,0,0,0,0,0,0,0,0,0,0,0,0,0,0,0,0.930386054,0.936037441,0.909918107,0.896551724,0.902335456,0.907441016,0.910344845,0.908156271,0.915805463,0.915662651,0.906976686,0.914461226,0.91491614,0.920278224,0.92147806,0.935406057,0.922509225,0.909657223,0.909878683,0.888787603,0.877506401,0.8984375,0.904933877,0.900032144,0.90403338,0.913041246,0.904933877,0.920365444,0.921443656,0.905349794,0.896425444,0.892857143,0.89755262,0.900687367,0.886548712,0.883838384,0.869662181,0.874078121,0.874537949,0.885070107,0.867954214,0.849443468,0.825806452,0.805047868,0.827187847,0.819970845,0.817857592,0.83617219,0.840406845,0.84254106,0.855258103,0.872567246,0.856008242,0.846294602,0.851901857,0.859345295,0.879765396,0.890804598,0.878297408,0.870904726,0.873627984,0.884955752,0.889372637,0.869872322,0.857527108,0.846775199,0.832378814,0.837616612,0.841397872,0.867678959,0.857013983,0.868657303,0.867712374,0.863641021
77449,Katy,TX,Harris County,0,0,0,0,0,0,0,0,0,0,0.638338941,0.674576271,0.692934783,0.660772361,0.678969689,0.704638873,0.711321873,0.702322875,0.699300699,0.68212824,0.684931507,0.700934579,0.690184049,0.702634193,0.725917846,0.697696983,0.684754522,0.714285714,0.713860797,0.690846287,0.681526287,0.721153846,0.690798866,0.716049383,0.720461095,0.77542808,0.735294118,0.740303048,0.730593607,0.731081835,0.746268657,0.727202188,0.723514212,0.712589074,0.708833152,0.719026549,0.721153846,0.733695652,0.734213548,0.743208611,0.765352486,0.787671233,0.784698382,0.766666667,0.766650695,0.786713287,0.780346821,0.791084912,0.795513824,0.798568455,0.795279631,0.795513824,0.804471403,0.810185185,0.816023739,0.811313999,0.795750153,0.784433196,0.792480649,0.80743367,0.804772859,0.812747036,0.821340448,0.806577341,0.825285896,0.80469649,0.783460113,0.800848105,0.795513824,0.811483339,0.802529183,0.787844682,0.797503467,0.796703297,0.800815376,0.827991453,0.837438424,0.829531315,0.829875519,0.816864295,0.819238901,0.815450038,0.829565636,0.818452381,0.813835198,0.834648558,0.840336134,0.832623603,0.828651685,0.836126266,0.838150289,0.833333333,0.825406259,0.826217988,0.831018519,0.843002286,0.845546787,0.843307943,0.84653195,0.856938191
77084,Houston,TX,Harris County,0,0,0,0,0,0,0,0,0,0,0,0,0,0,0,0,0,0,0,0,0,0,0,0,0,0,0,0,0,0,0,0,0,0,0,0,0,0,0,0,0,0.696022727,0.699650175,0.702279443,0.699815838,0.697674419,0.712250712,0.726443769,0.716845878,0.72761194,0.765041494,0.780625,0.767836204,0.766509434,0.7474376,0.752457799,0.755124056,0.761288536,0.765740216,0.764020058,0.768322098,0.767901737,0.779787898,0.778301887,0.779622833,0.79286915,0.777777778,0.768836494,0.773109725,0.783984447,0.784419987,0.768037916,0.763821532,0.768321513,0.756276661,0.749354005,0.769569041,0.771912351,0.776231263,0.77002564,0.776097892,0.752993069,0.767131876,0.770614603,0.789251956,0.788869765,0.784731935,0.791687284,0.794691369,0.798969072,0.807115732,0.790223667,0.797967277,0.819566491,0.828960909,0.820058997,0.820515634,0.821071218,0.823582785,0.815926893,0.813586507,0.820545364,0.814306009,0.804661487,0.80697928,0.809061489,0.808565981,0.825601786,0.832616179,0.831747919
77573,League City,TX,Galveston County,0,0,0,0,0,0,0,0,0,0,0,0,0,0,0,0,0,0,0.753301576,0.752617801,0.754686521,0.766479305,0.753822231,0.751565223,0.746636541,0.777218391,0.77962578,0.813137755,0.860739979,0.816744108,0.822867042,0.887777778,0.920471281,0.936663693,0.919117647,0.839619167,0.868535334,0.860243515,0.839973836,0.871313673,0.876406452,0.85446527,0.851723163,0.882626285,0.876010782,0.86171515,0.848142165,0.858951175,0.867495869,0.870936439,0.870936439,0.895557943,0.898801598,0.876116071,0.879504342,0.869062953,0.870085685,0.865053054,0.851756198,0.891682771,0.89221341,0.873958397,0.866666667,0.88128564,0.901891219,0.890611659,0.880848869,0.917646445,0.921902228,0.919080669,0.921223526,0.918422474,0.935745477,0.904351768,0.932777407,0.963956412,0.948735475,0.932883488,0.929487179,0.949513664,0.941270881,0.874533996,0.918422474,0.928577441,0.9375,0.935450303,0.944584383,0.955831257,0.94911147,0.9375,0.942972609,0.973709834,0.952188006,0.983854692,0.983746964,0.968813906,0.965499485,0.966257669,0.988353476,0.996313772,0.980249747,0.97983454,0.974817222,0.961860855,0.946892923,0.942096555,0.943396226,0.95652488,0.966220618,0.986377397
77584,Pearland,TX,Brazoria County,0,0,0,0,0,0,0,0,0,0,0,0,0,0,0,0,0,0,0,0,0,0,0,0,0,0,0,0,0,0,0,0,0,0,0,0,0,0,0,0,0.866717738,0.746681416,0.744064053,0.749818215,0.773364645,0.785916378,0.742767787,0.751124141,0.763523217,0.79491256,0.82406672,0.827861833,0.821982333,0.793751992,0.811688312,0.794611307,0.809266431,0.811827111,0.813945785,0.805062376,0.824613032,0.809736797,0.828207526,0.849704597,0.842696629,0.839944187,0.839041096,0.839552239,0.831443689,0.842741935,0.842709817,0.855693244,0.857237059,0.84335639,0.83081571,0.84293631,0.845864662,0.827861833,0.820864505,0.827897799,0.804770973,0.818303273,0.81300813,0.828235321,0.820589332,0.818665575,0.822424466,0.837721398,0.840550178,0.837959199,0.842483108,0.839552239,0.846846847,0.890410959,0.870911666,0.834046193,0.856461405,0.855327468,0.857852947,0.862068966,0.846998163,0.836670275,0.844493303,0.853374709,0.853374709,0.862831858,0.87185991,0.856174254,0.859389045,0.886167147
77433,Cypress,TX,Harris County,0,0,0,0,0,0,0,0,0,0,0,0,0,0,0,0,0,0,0,0,0.681818182,0.675310643,0.681431225,0.692894484,0.745789556,0.731552163,0.741023682,0.725446429,0.708061002,0.710060166,0.735803103,0.759219089,0.746602106,0.741535116,0.775159034,0.856322328,0.743593553,0.782361309,0.73664825,0.731638418,0.752162467,0.772817025,0.740696444,0.752750434,0.747410146,0.774473358,0.7572977,0.765958714,0.765958714,0.774473358,0.794105161,0.808283598,0.793650794,0.796019468,0.786163522,0.782107574,0.787360605,0.79787234,0.798141039,0.8072284,0.806785271,0.800379486,0.797712222,0.851268872,0.818956729,0.811299567,0.830959164,0.795454545,0.794732062,0.795454545,0.795454545,0.81167951,0.828013375,0.810253388,0.813902332,0.821596244,0.844198488,0.81827546,0.807724047,0.796066562,0.804312404,0.808913309,0.796066562,0.810450038,0.826674078,0.828119249,0.843219261,0.840482583,0.837988827,0.84121737,0.8475,0.857158911,0.840901446,0.853601833,0.854895105,0.851481481,0.864789604,0.854962846,0.870243294,0.870985302,0.857766687,0.842327019,0.826097093,0.832789027,0.824175824,0.816319219,0.826324928,0.840175704,0.820162264,0.863664405
77429,Cypress,TX,Harris County,0,0,0,0,0,0,0,0,0,0,0,0,0,0,0,0,0,0,0,0,0,0,0,0,0,0,0,0,0,0,0,0,0,0,0,0,0,0.800915332,0.838744589,0.753867294,0.789522059,0.715141421,0.717274357,0.736568458,0.757752302,0.782143107,0.714986698,0.750009646,0.731032322,0.777511962,0.789269354,0.773446822,0.797950291,0.803769401,0.79778009,0.776918233,0.806451613,0.77955825,0.808489136,0.799548252,0.774877651,0.781373809,0.806029989,0.798863299,0.791274594,0.793515358,0.798535442,0.781889519,0.798330429,0.81799591,0.800796434,0.794833582,0.794833582,0.799946816,0.784055845,0.803073018,0.822532403,0.805205347,0.804828974,0.791920554,0.779248132,0.762966132,0.775406425,0.7737369,0.779657832,0.777290448,0.780801349,0.783804156,0.789091593,0.788471996,0.788471996,0.799218291,0.779989242,0.775826868,0.78644218,0.775903491,0.83887456,0.833557468,0.821228633,0.817641229,0.815644761,0.818371483,0.815158124,0.800548909,0.790451461,0.7852077,0.78958306,0.820495559,0.818314584,0.823284845
77479,Sugar Land,TX,Fort Bend County,0,0,0,0,0,0,0,0,0,0,0,0,0,0,0,0.8,0.798565165,0.755429651,0.696702276,0.695116586,0.769738289,0.757667129,0.764009453,0.773983021,0.74912665,0.770576289,0.802139037,0.795492211,0.831635407,0.821762539,0.815721172,0.850340136,0.815738964,0.844030767,0.863874346,0.96448749,0.874485597,0.933544815,0.932435499,0.85630366,0.862320959,0.869058864,0.875023608,0.850727204,0.885235536,0.927152318,0.912460793,0.893508721,0.897998933,0.918217434,0.925381904,0.917917852,0.905562743,0.917694293,0.917944585,0.903405142,0.896788524,0.903225806,0.900804368,0.899342289,0.890165914,0.96191091,0.96191091,0.955108746,0.947528419,0.95484957,0.945378151,0.945665699,0.946007987,0.954320594,0.933814681,0.918679823,0.926130099,0.913223669,0.945481564,0.918679823,0.926443203,0.912408759,0.898788589,0.90311245,0.874098145,0.838792342,0.891662951,0.861995174,0.909607732,0.885766646,0.883522328,0.887697349,0.879345603,0.86253662,0.866217517,0.850340136,0.858413854,0.878411502,0.876835237,0.867927017,0.874700635,0.877014109,0.874635569,0.895347454,0.884895359,0.868621064,0.866175834,0.84949155,0.848484848,0.847897969,0.881502829,0.890349595,0.887550377,0.895765472
77036,Houston,TX,Harris County,0,0,0,0,0,0,0,0,0,0,0,0,0,0,0,0,0,0,0,0,0,0,0,0,0,0,0,0,0,0,0,0.715883669,0.709349793,0.727431567,0.721850613,0.734343289,0.706697363,0.70354197,0.715883669,0.715883669,0.715883669,0.707915273,0.713705762,0.715883669,0.715859031,0.715883669,0.713333991,0.717217788,0.710784314,0.715883669,0.732142857,0.719794344,0.732142857,0.721868365,0.721868365,0.732142857,0.732738095,0.734326692,0.738095238,0.734223301,0.733333333,0.733368256,0.751762275,0.751762275,0.754442587,0.748641304,0.734223301,0.734223301,0.734223301,0.734343289,0.755687974,0.758293839,0.751762275,0.732142857,0.736786782,0.7476344,0.751762275,0.738877119,0.74949187,0.734463277,0.751762275,0.744147157,0.761003702,0.762267702,0.761538462,0.770149254,0.761538462,0.761538462,0.777737334,0.773700306,0.773700306,0.777651186,0.789489632,0.776423742,0.772828013,0.761538462,0.761538462,0.760736196,0.760736196,0.763546798,0.777175277,0.779122596,0.781566265,0.772828013,0.773700306,0.774902834,0.783047574,0.773700306,0.770149254,0.77195572
77077,Houston,TX,Harris County,0,0,0,0,0,0,0,0,0,0,0,0,0,0,0,0,0,0,0,0,0,0,0,0,0,0.855417645,0.949913644,0.904970932,0.946495917,0.951248514,0.944895172,0.928640979,0.989473684,0.989913691,0.981595092,0.986201299,0.996049661,1.050949599,1.027365714,0.940666324,0.926011363,0.931928687,0.936037441,0.910795162,0.914307575,0.915869384,0.89313595,0.889509164,0.927906977,0.963987993,1.001661367,1.066143387,1.025441329,1.051779935,0.995068686,1.022899814,1.036688291,1.044959607,1.026055472,1.016640572,1.021139377,1.004366812,1.043018636,1.053354257,1.075713695,1.01380814,1.01380814,1.018808777,1.000690131,1.014366246,1.010058716,1.011935924,1.003698526,0.993377483,0.995068686,0.989473684,0.95204228,0.96214401,0.940666324,0.963114754,0.93849159,0.945017182,0.959896874,0.959409594,0.958173697,1.004155125,1.011848507,1.011635483,1.004155125,0.991917708,0.98758465,0.97728284,0.968272747,0.966250515,0.988397078,0.991315136,0.999524036,1.029377322,1.044313874,1.03374886,1.012518409,1.004134672,0.98089363,0.961538462,0.972222222,0.977653843,0.966183575,0.991315136,0.99271206,0.993217054
77379,Spring,TX,Harris County,0,0,0,0,0,0,0,0,0,0,0,0,0,0,0,0,0,0,0,0,0,0,0,0,0,0,0,0,0,0,0,0,0,0,0,0,0,0.828594639,0.824742268,0.708466171,0.723835299,0.713347236,0.720479353,0.706521739,0.713685978,0.697398229,0.706745659,0.711781261,0.713685978,0.730268511,0.759874496,0.770939437,0.785366303,0.781665689,0.777595344,0.774746067,0.771690803,0.742264003,0.744543783,0.773433007,0.787359829,0.800974612,0.792988314,0.775075988,0.780941083,0.797288673,0.772115984,0.767070879,0.771110159,0.774612694,0.742091032,0.75436115,0.782415558,0.790020094,0.775364215,0.798557445,0.788513464,0.772399588,0.754436766,0.759304547,0.798366522,0.751072961,0.765426284,0.757575758,0.756938604,0.788282228,0.806010929,0.785582255,0.766087845,0.76059322,0.808457711,0.785253686,0.811589292,0.795453586,0.768551264,0.785816602,0.795453586,0.792906948,0.782649694,0.806094183,0.806850904,0.818107445,0.804492831,0.796250533,0.779970216,0.786366757,0.800970874,0.794656027,0.795698925,0.78830193
77459,Missouri City,TX,Fort Bend County,0,0,0,0,0,0,0,0,0,0,0,0,0,0,0,0,0,0,0,0.70551674,0.703082747,0.696125908,0.673968054,0.687785196,0.742337165,0.748713149,0.745758617,0.758426966,0.744975745,0.734762338,0.754734523,0.800036293,0.757217227,0.751879699,0.75909227,0.80318282,0.80127571,0.814332248,0.809261658,0.761997664,0.78861204,0.781405299,0.753184162,0.750703858,0.756938604,0.755429651,0.773809524,0.741094908,0.757654035,0.778859527,0.804661487,0.810648519,0.810648519,0.807024627,0.809585492,0.803287876,0.785222398,0.785222398,0.794197558,0.802292264,0.801853172,0.801853172,0.82356133,0.830564784,0.864022663,0.841364944,0.835193452,0.832210243,0.836298932,0.828560663,0.829637314,0.834376304,0.831349206,0.825242718,0.838305123,0.825242718,0.810910431,0.870916079,0.805729633,0.83099609,0.827948304,0.829268293,0.814307556,0.82046332,0.820035461,0.816744731,0.80753909,0.827205882,0.825324642,0.803287876,0.807922856,0.807922856,0.801771979,0.814871879,0.81232493,0.806740767,0.817095597,0.825123153,0.833516162,0.836267606,0.833140521,0.828052827,0.834724541,0.833140521,0.827502142,0.832592996,0.83045977,0.834326579,0.838987672,0.837209302
77450,Cinco Ranch,TX,Fort Bend County,0,0,0,0,0,0,0,0,0,0,0,0,0,0,0,0,0,0,0,0,0,0,0,0,0,0,0,0,0,0,0,0,0,0,0,0,0,1.061260387,0.999882381,0.835344306,0.922181333,0.848289605,0.866360912,0.84113229,0.833333333,0.828039927,0.832994718,0.827846643,0.833564879,0.842391304,0.905232446,0.900868304,0.898104265,0.890768534,0.878734622,0.865856904,0.851996105,0.852740585,0.849005702,0.853242321,0.864535502,0.888750388,0.89518658,0.90612834,0.888835507,0.872689938,0.861138942,0.850302194,0.864459068,0.848608282,0.846023689,0.857940942,0.858959446,0.848770837,0.848770837,0.850927171,0.864666594,0.840809632,0.851996105,0.827166504,0.813609467,0.81057641,0.828683191,0.844594595,0.859291085,0.861460972,0.858172315,0.848188614,0.855513308,0.848608282,0.864779874,0.886005414,0.889952987,0.864739886,0.845304696,0.858034321,0.855166406,0.872434018,0.864779874,0.85209983,0.85149361,0.855377722,0.863188951,0.85174954,0.831275209,0.845350572,0.83999809,0.844024308,0.860215054,0.855057876
77095,Houston,TX,Harris County,0,0,0,0,0,0,0,0,0,0,0,0,0,0,0,0,0,0,0,0,0,0,0,0,0,0,0,0,0,0,0,0,0,0,0,0,0,0.844772967,0.752294686,0.743078176,0.782006471,0.725074258,0.708102681,0.721561969,0.74433657,0.745770258,0.726719691,0.738513639,0.743850175,0.742971888,0.755546084,0.782967033,0.788050736,0.793650794,0.791626026,0.790449347,0.780107265,0.75351641,0.759984053,0.770085396,0.778960818,0.780343076,0.777727683,0.802568218,0.796719293,0.777672152,0.773381295,0.761861167,0.753933566,0.774561761,0.780911063,0.767490428,0.795064042,0.805970149,0.820226796,0.756860246,0.783475783,0.770970395,0.746785046,0.771971496,0.753250589,0.733573936,0.758522727,0.756901158,0.759824958,0.758611868,0.775039746,0.772761162,0.771027021,0.757416005,0.771388499,0.761589404,0.783435926,0.765513385,0.805785124,0.809295893,0.818777293,0.816326531,0.80348944,0.814995925,0.805870529,0.812687014,0.814006223,0.809649494,0.8261079,0.806693192,0.798075919,0.803517206,0.799784945,0.807594937
77082,Houston,TX,Harris County,0,0,0,0,0,0,0,0,0,0,0,0,0,0,0,0,0,0,0,0,0,0,0,0,0,0,0,0,0,0,0,0,0,0,0,0,0.850567339,0.894059067,0.907829405,0.810155035,0.858208955,0.800789733,0.813295615,0.819354839,0.813253012,0.813295615,0.797746394,0.787815126,0.797746394,0.779220779,0.811219298,0.813274314,0.816896746,0.819833669,0.805344779,0.816140777,0.824194105,0.82807571,0.819354839,0.817747808,0.817209741,0.820713435,0.843054661,0.837790255,0.830924855,0.854888207,0.805165358,0.818143814,0.819833669,0.812470662,0.842391304,0.844644659,0.843645612,0.842391304,0.842543967,0.8203125,0.844594595,0.835547158,0.819833669,0.829530813,0.807319699,0.826773704,0.834172507,0.82794514,0.837988827,0.839473684,0.852272727,0.831024931,0.86,0.843912499,0.860576923,0.856540084,0.857448427,0.844686649,0.837776085,0.845619449,0.844806008,0.85737452,0.858208955,0.885478158,0.871839582,0.866926279,0.859104478,0.856870835,0.852953542,0.861497681,0.8555625,0.853211009,0.841750842,0.837723289
77007,Houston,TX,Harris County,0,0,0,0,0,0,0,0,0,0,0,0,0,0,0,0,0,0,0,0,0,0,0,0,0,0,0,0,0,0,0,0,1.499728997,1.506397114,1.52615193,1.575299307,1.639922978,1.662670693,1.68,1.644599303,1.623236902,1.449275362,1.430764732,1.442830369,1.460280374,1.472720337,1.469711628,1.361458779,1.379905671,1.397097021,1.437371663,1.416015625,1.404494382,1.42612664,1.453488372,1.402260395,1.395685458,1.398249453,1.361386139,1.353180248,1.367108163,1.363636364,1.41025641,1.398553686,1.413585165,1.420396044,1.407563025,1.386568549,1.383774932,1.393824027,1.386321627,1.372514687,1.347944471,1.339761857,1.327026866,1.298529856,1.317703103,1.323883486,1.336421953,1.336179342,1.268036729,1.272889683,1.27620784,1.272371418,1.27744511,1.244450651,1.262626263,1.280005627,1.270746888,1.270604396,1.279788173,1.289335664,1.274872449,1.278580218,1.312154696,1.314575273,1.296829971,1.296542553,1.316389187,1.332090744,1.308155446,1.29073212,1.282051282,1.282051282,1.276441233,1.281459199,1.303127054,1.290609702,1.296992481,1.310317251
77057,Houston,TX,Harris County,0,0,0,0,0,0,0,0,0,0,0,0,0,0,0,0,0,0,0,0,0,0,0,0,0,0,0,0,0,0,1.070663812,0.905555556,0.961538462,0.94,0.93676815,0.938384075,0.997395833,1.07421875,1.065693431,1.019830028,0.975292969,0.973881323,0.982142857,0.978320709,0.982142857,0.978320709,0.966277562,0.975585938,0.984936269,1.022859214,1.020547945,1.013327206,1.020473448,1.028991597,1.020793775,1.020025308,1.024255788,1.019587633,1.019587633,1.015625,1.013327206,1.035502959,1.026413608,1.041064547,1.022401867,1.040166667,1.051314143,1.04107425,1.041666667,1.029411765,1.02124183,1.038461538,1.02124183,1.020547945,0.999833111,1.018024108,1,1.011804384,1.017485119,0.994836489,0.983539563,0.984936269,1.02124183,1.031372549,1.024255788,1.019345238,1.020025308,1.020384267,1.020220588,1.020220588,1.032954058,1.028571429,1.028806584,1.024255788,1.020025308,1.020220588,1.032954058,1.041666667,1.038666667,1.029411765,1.048848678,1.03988604,1.041666667,1.039264009,1.037581509,1.041086027,1.056777857,1.056777857,1.051314143,1.041666667
77521,Baytown,TX,Harris County,0,0,0,0,0,0,0,0,0,0,0,0,0,0,0,0,0,0,0,0,0,0,0,0,0,0,0,0,0,0,0,0,0,0,0,0,0,0,0,0,0,0,0,0,0,0,0,0,0,0,0,0,0,0,0,0,0,0,0,0,0,0,0,0,0,0,0,0,0,0,0,0,0,0,0,0,0,0,0,0,0,0,0.825606009,0.801487084,0.830564784,0.811177428,0.830564784,0.805970149,0.773195876,0.786341766,0.825740319,0.825941506,0.821318229,0.827596851,0.821217442,0.809859155,0.889456401,0.884146341,0.87654321,0.890304221,0.87529799,0.869248073,0.855390575,0.85872977,0.852734164,0.855408389,0.837534142,0.82771812,0.82347973,0.842000991
77083,Houston,TX,Harris County,0,0,0,0,0,0,0,0,0,0,0,0,0,0,0,0,0,0,0,0,0,0,0,0,0,0,0,0,0,0,0,0,0,0,0,0,0,0,0,0,0,0,0,0,0.713012478,0.699314883,0.673738532,0.659229209,0.65915628,0.687353524,0.718993409,0.713012478,0.716145833,0.711781468,0.714286362,0.717530102,0.73402418,0.749787978,0.775656325,0.759974668,0.733568075,0.755017946,0.759189303,0.749711649,0.764525994,0.770614074,0.755975801,0.764772088,0.749859936,0.777322208,0.777322208,0.751469657,0.759668508,0.745351164,0.749464668,0.755116804,0.760217984,0.775656325,0.789128397,0.756715204,0.789606479,0.769230769,0.795624068,0.786605966,0.782908705,0.790378007,0.794725844,0.784401614,0.777016835,0.771503398,0.792549707,0.786492108,0.765184122,0.77419022,0.792864222,0.793677874,0.789001122,0.775862069,0.791405772,0.8,0.804597701,0.8095132,0.815182299,0.791671126,0.765356716,0.770047796,0.789319249,0.792133711,0.791690314,0.798035605
77346,Atascocita,TX,Harris County,0,0,0,0,0,0,0,0,0,0,0,0,0,0,0,0,0,0,0,0,0,0,0,0,0,0,0,0,0,0,0,0,0,0,0,0,0.8,0.884761905,0.838466556,0.706436857,0.73922734,0.68011257,0.678841332,0.711433495,0.717512309,0.703996932,0.745301361,0.736001884,0.72962385,0.741657696,0.761222695,0.75,0.767600047,0.756094253,0.769239257,0.780210128,0.793650794,0.765631646,0.74829932,0.767263427,0.788643533,0.779653285,0.775098425,0.787019753,0.808075854,0.804991355,0.787091696,0.774473358,0.769761029,0.765814496,0.785114929,0.798548094,0.799126409,0.81120944,0.797766254,0.804628633,0.784773997,0.780394042,0.799704724,0.760095012,0.778337548,0.748029705,0.770611221,0.7890625,0.786036817,0.798160173,0.803621561,0.794621027,0.795137505,0.810796683,0.819065248,0.795774648,0.798548094,0.798548094,0.79798404,0.800385484,0.812007874,0.837681956,0.834230355,0.815800773,0.799114111,0.804299426,0.795644891,0.776474454,0.777949411,0.793885602,0.797101449,0.797558361,0.815100669,0.813119673
77375,Tomball,TX,Harris County,0,0,0,0,0,0,0,0,0,0,0,0,0,0,0,0,0,0,0,0,0,0,0,0,0,0,0,0,0,0,0,0,0.791863915,0.791863915,0.830564784,0.889285714,0.839793282,0.863716274,0.83055139,0.728669573,0.783738474,0.759318914,0.743661293,0.743509175,0.741639698,0.802016499,0.791484716,0.785417902,0.78277303,0.789733465,0.785854617,0.791484716,0.789364354,0.836226478,0.818233296,0.829246868,0.790087596,0.785238624,0.817573134,0.833146373,0.833333333,0.882035466,0.873090115,0.871212121,0.866551127,0.847685684,0.856531049,0.84317032,0.842902196,0.832424573,0.830122547,0.82837738,0.82781457,0.829485518,0.827920024,0.861642989,0.836902098,0.872858591,0.861513688,0.795173059,0.798153803,0.85106383,0.858968187,0.835757072,0.859106529,0.863653069,0.858085809,0.845972281,0.852030434,0.837628866,0.837081459,0.847505669,0.849909584,0.847127909,0.873159677,0.889935072,0.900377578,0.900188789,0.89673913,0.892857143,0.899490338,0.89141239,0.863559456,0.873287671,0.870602266,0.880189175,0.881928245,0.881649731,0.906963136,0.910201496
77070,Houston,TX,Harris County,0,0,0,0,0,0,0,0,0,0,0,0,0,0,0,0,0,0,0,0,0,0,0,0,0,0,0,0,0,0,0,0,0,0,0,0,0,0,0,0,0,0,0,0,0.781780978,0.76436435,0.77419117,0.726495726,0.730223124,0.754060325,0.780434644,0.790365073,0.779170221,0.76538431,0.801787592,0.801787592,0.801787592,0.790353809,0.781849217,0.770489112,0.779127161,0.759219089,0.776810266,0.784592738,0.803212851,0.807593437,0.773430391,0.797869787,0.803583862,0.813555994,0.783026854,0.79931978,0.794419134,0.763361954,0.802060738,0.8332061,0.795865801,0.786583556,0.831508254,0.832562442,0.805729633,0.822409013,0.837053571,0.793184489,0.79217091,0.830182469,0.819444075,0.83295877,0.821917808,0.806735145,0.809435708,0.810498573,0.824042656,0.824906865,0.899280576,0.863959087,0.886339937,0.899374348,0.865809058,0.865502679,0.872584541,0.875733315,0.847457627,0.851938895,0.869495177,0.849025308,0.840229115,0.840385397,0.867169374,0.867169374
77373,Spring,TX,Harris County,0,0,0,0,0,0,0,0,0,0,0,0,0,0,0,0,0,0,0,0,0.629496403,0.650368509,0.659872997,0.666666667,0.688231246,0.67003367,0.677428258,0.690395149,0.669099757,0.677031093,0.681985294,0.723887818,0.698725331,0.728827362,0.709876543,0.738488547,0.713646532,0.710106738,0.70441989,0.705087252,0.695909745,0.706940874,0.70441989,0.695386703,0.704721635,0.704592482,0.695652174,0.69213732,0.6969366,0.714017388,0.735294118,0.753187801,0.75803591,0.75144279,0.736822323,0.754760799,0.760879558,0.764779997,0.764388489,0.770686858,0.776670574,0.801109641,0.808928571,0.793924844,0.802310655,0.802958783,0.791081246,0.785340314,0.777605186,0.782205718,0.786290323,0.788947368,0.796405748,0.805562191,0.80486053,0.780189959,0.807453416,0.789131444,0.791796469,0.783922463,0.787220026,0.795325332,0.795224313,0.793598955,0.78713005,0.809716599,0.810708899,0.810654314,0.815558344,0.811688312,0.818639798,0.829183956,0.810625186,0.809968847,0.806451613,0.809471642,0.806451613,0.819239129,0.846468184,0.848999601,0.836667957,0.839741697,0.825651889,0.824628917,0.814083723,0.821605763,0.831663721,0.845996711,0.834829443,0.839178357
77386,Spring,TX,Harris County,0,0,0,0,0,0,0,0,0,0,0,0,0,0,0,0,0,0,0,0,0.728929385,0.727566694,0.738034371,0.727566694,0.728862712,0.724637681,0.777337122,0.756429652,0.750107168,0.757575758,0.733098018,0.750125439,0.743194588,0.728862712,0.727566694,0.799777531,0.768171806,0.773282322,0.786744969,0.803929481,0.810073773,0.777096115,0.767918089,0.789141414,0.795947902,0.797973951,0.802698469,0.782736245,0.788846442,0.792925278,0.793269231,0.798258345,0.802627807,0.81369248,0.810508664,0.817438692,0.810591792,0.825740319,0.801202405,0.798600566,0.807733051,0.811623435,0.807733051,0.824416342,0.831963001,0.832072617,0.831582524,0.833066325,0.816297704,0.80888336,0.826583213,0.83472791,0.832923833,0.835742722,0.84657051,0.825239302,0.801587302,0.827967582,0.841694686,0.791624106,0.823412698,0.782380771,0.806794055,0.815879201,0.800976387,0.804235033,0.808116691,0.82710678,0.829954189,0.816427511,0.820974576,0.864399912,0.862760835,0.855505757,0.869397218,0.85492228,0.846239821,0.846239821,0.874309392,0.868798754,0.884146341,0.870515257,0.864326873,0.8861885,0.877474933,0.877474933,0.888671078,0.883124287,0.900079304,0.901998466
77407,Richmond,TX,Fort Bend County,0,0,0,0,0,0,0,0,0,0,0,0,0,0,0,0,0,0,0,0,0,0,0,0,0,0,0,0,0,0,0,0.75127497,0.773514851,0.773514851,0.788977862,0.831942126,0.768491835,0.809061489,0.780379041,0.73028036,0.741950287,0.759974668,0.780379041,0.787815126,0.768156425,0.768156425,0.769639066,0.718109188,0.74906367,0.768202702,0.793161047,0.793161047,0.820895522,0.818545751,0.824468085,0.81029552,0.824233885,0.837026096,0.818946436,0.808031342,0.808031342,0.817307692,0.842332613,0.84259671,0.825289935,0.808775724,0.794123669,0.780379041,0.797647059,0.815800773,0.82991338,0.803792181,0.81029552,0.825247367,0.810216231,0.812407681,0.782828996,0.780379041,0.810715545,0.790713324,0.774358293,0.786658195,0.808229243,0.785714286,0.8004329,0.809847749,0.821347959,0.836339784,0.81793715,0.81407563,0.814479638,0.790781744,0.795454545,0.797177209,0.790037493,0.784240507,0.826185152,0.817717206,0.835756326,0.851167315,0.83071811,0.814537427,0.815299996,0.823723229,0.812017864,0.825423029,0.850873265,0.875335507,0.878956097,0.929456625
77042,Houston,TX,Harris County,0,0,0,0,0,0,0,0,0,0,0,0,0,0,0,0,0,0,0,0,0,0,0,0,0,0,0,0,0,0,0,0.83625,0.874378109,0.87290334,0.874378109,0.893417934,0.878142133,0.903144654,0.897574124,0.866666667,0.866666667,0.844519016,0.844519016,0.844519016,0.837730871,0.842391304,0.842391304,0.842391304,0.844519016,0.856965174,0.856662934,0.870429253,0.87290334,0.856662934,0.856662934,0.856814054,0.856814054,0.857843137,0.862254902,0.862254902,0.866666667,0.868956274,0.870508744,0.875407446,0.871008403,0.87962963,0.908142439,0.87290334,0.886472553,0.876427708,0.874378109,0.874557844,0.866727494,0.866666667,0.866666667,0.85418374,0.854075159,0.850295858,0.856662934,0.856814054,0.859956051,0.847555366,0.867074981,0.867074981,0.870429253,0.886472553,0.874737579,0.869565217,0.862068966,0.862068966,0.866666667,0.869565217,0.867483296,0.868524257,0.873641569,0.870508744,0.887700535,0.893719807,0.876378244,0.886472553,0.889252566,0.889252566,0.887700535,0.905172414,0.897574124,0.87290334,0.892262202,0.878010311,0.867316527,0.874689055
77063,Houston,TX,Harris County,0,0,0,0,0,0,0,0,0,0,0,0,0,0,0,0,0,0,0,0,0,0,0,0,0,0,0,0,0,0,0,0,0,0,0,0,0,0,0.95112782,0.86,0.830479452,0.784673286,0.784673286,0.787631272,0.806451613,0.787631272,0.786672779,0.790621496,0.792129162,0.8278619,0.802259887,0.826686004,0.825892857,0.827625571,0.833333333,0.827625571,0.833333333,0.821923186,0.81180599,0.827155788,0.807416268,0.833333333,0.858813559,0.871271924,0.851172273,0.843265808,0.838088445,0.833333333,0.858813559,0.851172273,0.84798995,0.849963045,0.843265808,0.827155788,0.80435575,0.792129162,0.792129162,0.86,0.817160368,0.833333333,0.834330144,0.788867511,0.84798995,0.851172273,0.855920114,0.895345403,0.862401268,0.898203593,0.909514925,0.902985075,0.882352941,0.84798995,0.836450095,0.843265808,0.84798995,0.849581111,0.910574374,0.889283305,0.902881426,0.926423201,0.921557872,0.947383721,0.944767442,0.910433071,0.886253784,0.883160723,0.879765396,0.88751641,0.902777778,0.93135564
77081,Houston,TX,Harris County,0,0,0,0,0,0,0,0,0,0,0,0,0,0,0,0,0,0,0,0,0,0,0,0,0,0,0,0,0,0,0,0,0.782957746,0.860889396,0.793269231,0.802678571,0.7421875,0.76744186,0.75,0.734370466,0.7421875,0.734370466,0.734672304,0.73125,0.732659314,0.732659314,0.732659314,0.734370466,0.734672304,0.735867446,0.734672304,0.734370466,0.738304094,0.735867446,0.740740741,0.735867446,0.735867446,0.735867446,0.742452973,0.742718447,0.74146412,0.742452973,0.735867446,0.738304094,0.7421875,0.742452973,0.745708182,0.742452973,0.7421875,0.7421875,0.74146412,0.742718447,0.742718447,0.742452973,0.734672304,0.7421875,0.738304094,0.735269875,0.738304094,0.734672304,0.740740741,0.735269875,0.740740741,0.745708182,0.749348958,0.745708182,0.749348958,0.76744186,0.75,0.785915493,0.75,0.7421875,0.749348958,0.75872093,0.77372093,0.75,0.75872093,0.76744186,0.749348958,0.748697917,0.742452973,0.76744186,0.75,0.782957746,0.77372093,0.78,0.76744186,0.75872093,0.782957746,0.800540883
77546,Friendswood,TX,Galveston County,0,0,0,0,0,0,0,0,0,0,0,0,0,0,0,0,0,0,0,0,0,0,0,0,0,0,0,0,0,0,0,0,0,0,0,0,0,0,0,0,0,0,0,0,0,0,0,0,0.824627698,0.824627698,0.872461929,0.917431193,0.888625592,0.875961193,0.914648519,0.868182281,0.882876278,0.876662636,0.879917184,0.906194142,0.899747715,0.93045977,0.887096774,0.907471264,0.9375,0.944336209,0.910746812,0.949478779,0.94164803,0.940759709,0.924517114,0.906287787,0.922247369,0.914634146,0.925449871,0.938967136,0.917664671,0.948804801,0.977751789,0.874062951,0.931232092,0.958744916,0.949197313,0.935643098,0.937854292,0.943396226,0.960620829,0.945945946,0.946435763,0.92865566,0.948103792,0.972877358,0.982643453,0.945945946,0.938366627,0.924132991,0.919265944,0.927541219,0.948592411,0.945397112,0.954198473,0.952662722,0.952193458,0.960746637,0.945945946,0.95688324,0.962380439,0.975607093,0.978165969,0.963222417
77072,Houston,TX,Harris County,0,0,0,0,0,0,0,0,0,0,0,0,0,0,0,0,0,0,0,0,0,0,0,0,0,0,0,0,0,0,0,0.655555556,0.677651937,0.67893401,0.679482134,0.680092005,0.658866201,0.67893401,0.67893401,0.670536615,0.662251656,0.67893401,0.662251656,0.662139219,0.664893617,0.662139219,0.674608954,0.680092005,0.682210708,0.693240901,0.687625444,0.698884626,0.686202948,0.687625444,0.717404866,0.703173676,0.708333333,0.681257603,0.668753951,0.657620042,0.686202948,0.713050994,0.694488189,0.716318887,0.716318887,0.716318887,0.719660519,0.714285714,0.710491368,0.713050994,0.720930233,0.722111554,0.71835206,0.703916667,0.711605333,0.714285714,0.703082747,0.714285714,0.686131387,0.71835206,0.709412351,0.695148255,0.720930233,0.743281875,0.755124056,0.763807286,0.735294118,0.734430082,0.749596991,0.772911404,0.774496904,0.757134537,0.749236884,0.760689733,0.747127239,0.74745118,0.74937552,0.776052701,0.755019626,0.771388499,0.746455483,0.765765766,0.766087845,0.767123288,0.750375188,0.762507734,0.806175465,0.783224198,0.779896014,0.767417308
77008,Houston,TX,Harris County,0,0,0,0,0,0,0,0,0,0,0,0,0,0,0,0,0,0,0,0,0,0,0,0,0,0,0,0,0,0,0,0,0,1.483766234,1.433332338,1.353065539,1.363147572,1.439771917,1.437198307,1.468372011,1.542119565,1.361521847,1.437211982,1.39432788,1.368274583,1.368274583,1.364447087,1.391035549,1.399906673,1.368641376,1.406469761,1.44200627,1.400008052,1.407249069,1.454635108,1.482732733,1.444954128,1.43129771,1.37037037,1.360745116,1.366568953,1.431718062,1.45021097,1.41979025,1.436494798,1.447811448,1.352656491,1.348331648,1.351419819,1.39275766,1.379751462,1.39275766,1.396009975,1.439462798,1.446767012,1.354768786,1.314616756,1.3750679,1.290072389,1.401864587,1.323196682,1.29499561,1.342959024,1.348752599,1.286890872,1.29499561,1.33802332,1.365986395,1.34589502,1.364522417,1.362090291,1.368931425,1.363785738,1.352339181,1.368760064,1.377520914,1.377461739,1.39464693,1.390882229,1.431127013,1.421040809,1.369344029,1.4123974,1.403743316,1.39752695,1.379898241,1.445783133,1.4303767,1.4,1.386304523
77406,Richmond,TX,Fort Bend County,0,0,0,0,0,0,0,0,0,0,0,0,0,0,0,0,0,0,0,0,0,0,0,0,0,0,0,0,0,0,0,0,0,0,0,0,0,0,0,0,0,0,0,0,0,0,0,0.773921201,0.772320049,0.779484862,0.78838428,0.836920134,0.848121086,0.83817897,0.829226547,0.856609522,0.836986847,0.841621938,0.878890983,0.848928207,0.835800416,0.821600638,0.834831537,0.844123506,0.859818356,0.857959962,0.847685684,0.830989517,0.830050647,0.820775027,0.822278631,0.848522942,0.849731664,0.845070423,0.872913831,0.824175824,0.84069636,0.824163653,0.822911348,0.824468085,0.802900107,0.810844472,0.809871751,0.818181818,0.809447983,0.819229257,0.820048852,0.803122772,0.797081546,0.783783784,0.798675172,0.803571429,0.810560445,0.810560445,0.802203542,0.821746324,0.832266325,0.832885545,0.848395426,0.835654596,0.855106888,0.818521983,0.812906453,0.816407733,0.827067669,0.848121086,0.831066788,0.844123506,0.860786059,0.848988948
77396,Atascocita,TX,Harris County,0,0,0,0,0,0,0,0,0,0,0,0,0,0,0,0,0,0,0,0,0,0,0,0,0,0,0,0,0,0,0,0,0,0,0,0,0,0,0,0,0,0,0.764525994,0.758476589,0.784720453,0.793380627,0.77149155,0.728862974,0.714155442,0.731070496,0.744470373,0.765895954,0.802139037,0.782778865,0.786713287,0.806242638,0.745257453,0.730519481,0.762112139,0.801701571,0.780157001,0.772200772,0.767563361,0.78299841,0.808321752,0.802936997,0.842844627,0.817191283,0.814665735,0.793850806,0.790513834,0.774193548,0.790513834,0.844945263,0.812172173,0.813128326,0.783289817,0.808485116,0.829015544,0.824340528,0.81096745,0.817527796,0.792671614,0.799753468,0.792520237,0.839368005,0.829610721,0.828810565,0.831472027,0.829610721,0.844011527,0.833539768,0.85,0.812918828,0.797720798,0.802845528,0.836749159,0.852404664,0.859375,0.856973995,0.832324455,0.848538174,0.847145488,0.84317507,0.863518384,0.865255965,0.862002488,0.856281587,0.838574423,0.856836844
77089,Houston,TX,Harris County,0,0,0,0,0,0,0,0,0,0,0,0,0,0,0,0,0,0,0,0,0,0,0,0,0,0,0,0,0,0,0,0,0,0,0,0,0,0,0,0,0,0,0,0,0,0,0,0,0,0,0,0,0,0,0,0,0,0,0,0,0,0,0,0,0,0,0,0,0,0,0,0,0,0,0,0,0,0,0,0,0.849673203,0.850567717,0.846466094,0.811777655,0.848599138,0.916325636,0.880589633,0.87304007,0.901361056,0.869735527,0.864197531,0.891457528,0.886857708,0.909090909,0.920531237,0.888888889,0.863131936,0.881057269,0.881505568,0.876460768,0.888272821,0.928369886,0.927536232,0.888375165,0.882352941,0.924750775,0.957278731,0.882352941,0.886408404,0.86714561
77040,Houston,TX,Harris County,0,0,0,0,0,0,0,0,0,0,0,0,0,0,0,0,0,0,0,0,0,0,0,0,0,0,0,0,0,0,0,0,0,0,0,0,0,0,0,0,0,0,0,0,0,0,0,0,0,0,0,0,0,0,0,0,0,0,0,0,0,0,0,0,0,0,0,0,0,0,0,0,0,0,0,0,0,0,0,0,0,0,0.821829026,0.832196924,0.829452852,0.852609163,0.809960224,0.79865988,0.834137579,0.863821138,0.848471986,0.848592125,0.847513089,0.843348462,0.826684397,0.880030976,0.878839607,0.872249499,0.855085509,0.863662837,0.918114144,0.893154941,0.912055368,0.895006961,0.866940959,0.864733765,0.874513025,0.821428571,0.802854594,0.827105548
77469,Richmond,TX,Fort Bend County,0,0,0,0,0,0,0,0,0,0,0,0,0,0,0,0,0,0,0,0,0,0,0,0,0,0,0,0,0,0,0,0,0,0,0,0,0,0,0,0,0,0,0,0,0.79686142,0.795165394,0.744712742,0.730161751,0.724637681,0.740245086,0.79787234,0.805779863,0.815266817,0.813480535,0.811221122,0.825740319,0.783792243,0.810773037,0.825740319,0.839070568,0.847614557,0.868543027,0.842125584,0.836431227,0.84460148,0.85443038,0.834600405,0.862068966,0.863215334,0.866515362,0.844424044,0.842533411,0.845524017,0.845524017,0.868494569,0.853285787,0.818946436,0.802016499,0.805152979,0.779834882,0.842117243,0.773183065,0.818284424,0.830367734,0.862332193,0.833754421,0.828206342,0.803957947,0.798296966,0.806823421,0.844900422,0.839454355,0.823917137,0.840035122,0.843717549,0.828500414,0.833781844,0.840282222,0.8531961,0.860003604,0.857041316,0.859240069,0.856467809,0.866937731,0.871431142,0.878787879,0.875576037,0.868149756,0.85446527,0.854749153
77388,Spring,TX,Harris County,0,0,0,0,0,0,0,0,0,0,0,0,0,0,0,0,0,0,0,0,0,0,0,0,0,0,0,0,0,0,0,0.760837469,0.691194728,0.675675676,0.784997819,0.832994855,0.72394841,0.822570726,0.784262927,0.742040304,0.749197289,0.711633663,0.706713781,0.742424242,0.76648739,0.790031236,0.725981689,0.728822882,0.732422194,0.751088827,0.763665595,0.759753593,0.780475719,0.782155272,0.750378637,0.746790339,0.739726474,0.745239351,0.74278438,0.782712255,0.795405983,0.779258393,0.781596465,0.769454856,0.81154259,0.79458871,0.801893628,0.799815335,0.772110685,0.779181709,0.816198687,0.814249364,0.794101241,0.777978434,0.777736132,0.824587706,0.800619835,0.773488048,0.73882202,0.785340314,0.749882875,0.768374165,0.761736474,0.793513136,0.780051151,0.780244098,0.78221249,0.784856879,0.758146877,0.759559979,0.788127961,0.824108241,0.791316527,0.796218487,0.832684708,0.849207789,0.844594595,0.845808591,0.82262445,0.807185084,0.822916667,0.821636522,0.825816924,0.828352292,0.809483745,0.81160846,0.830411919,0.838371776,0.835824339,0.854806696
77339,Houston,TX,Harris County,0,0,0,0,0,0,0,0,0,0,0,0,0,0,0,0,0,0,0,0,0,0,0,0,0,0,0,0,0,0,0,0,0,0,0,0,0,0,0,0,0,0,0,0,0,0,0.850664666,0.775194285,0.822692653,0.82059667,0.841836735,0.849056604,0.787560582,0.846857011,0.863612804,0.857480781,0.883297645,0.849056604,0.842234688,0.869441277,0.862112742,0.896941898,0.87403599,0.905141202,0.905245498,0.877582645,0.878143493,0.880503145,0.860215054,0.872850443,0.88895884,0.906600113,0.928454397,0.926966292,0.905181271,0.90403787,0.880392417,0.8699855,0.888179904,0.891183582,0.888567725,0.86474639,0.841020076,0.865603645,0.866666667,0.865541644,0.877914952,0.879854369,0.880503145,0.870277534,0.886197518,0.883762201,0.877763329,0.872093023,0.857969039,0.877062246,0.887049083,0.897435897,0.879839115,0.879839115,0.894244393,0.895061728,0.866027175,0.845771144,0.849418653,0.855881315,0.854260737,0.844519016,0.868219557,0.892101196
77024,Houston,TX,Harris County,0,0,0,0,0,0,0,0,0,0,0,0,0,0,0,0,0,0,0,0,0,0,0,0,0,0,0,0,0,0,0,0,0,0,0,0,0,0,0,0,0,0,0,0,0,0,0,0,0,0,0,0,0,0,0,0,0,0,0,0,0,0,0,0,0,0,0,0,0,0,0,0,0,0,0,0,0,0,0,0,0,0,1.381540514,1.430976431,1.364087302,1.390035631,1.365441907,1.413427562,1.380670611,1.39407131,1.488095238,1.499040313,1.470159422,1.450892857,1.424369748,1.380274594,1.343007573,1.339285714,1.392678794,1.414791678,1.369301546,1.345679012,1.324506405,1.303680694,1.305676856,1.322482197,1.313432836,1.346938776,1.346801347,1.388888889
77088,Houston,TX,Harris County,0,0,0,0,0,0,0,0,0,0,0,0,0,0,0,0,0,0,0,0,0,0,0,0,0,0,0,0,0,0,0,0,0,0,0,0,0,0,0,0,0,0,0,0,0,0,0,0,0,0,0,0,0,0,0,0,0,0,0,0,0,0,0,0,0,0,0,0,0,0,0,0,0,0,0,0,0,0,0,0,0,0.715662481,0.755813953,0.766961652,0.788604685,0.743022487,0.786358512,0.827490575,0.809273834,0.827928585,0.810246173,0.815602837,0.807982965,0.808049193,0.800670872,0.799027915,0.796985996,0.782963092,0.83081571,0.800821355,0.782278292,0.782854209,0.793650794,0.814525767,0.813271901,0.825958702,0.802675585,0.802816901,0.831353919,0.851009037
77581,Pearland,TX,Brazoria County,0,0,0,0,0,0,0,0,0,0,0,0,0,0,0,0,0,0,0,0,0,0,0,0,0,0,0,0,0,0,0,0,0,0,0,0,0,0,0,0,0,0,0,0,0,0,0,0,0,0,0,0,0,0,0,0,0,0,0,0,0,0,0,0,0,0,0,0,0,0,0,0,0,0,0,0,0,0,0,0,0,0,0.834127741,0.909716977,0.909716977,0.931532371,0.930976541,0.94390507,0.915331808,0.88772846,0.875884811,0.861739262,0.859020716,0.843605036,0.855624143,0.908244061,0.905374499,0.91714105,0.911166459,0.920562681,0.955109838,0.933281073,0.918079096,0.9174413,0.918079096,0.965974625,0.977835724,0.948766603,0.950144003,0.92091712
77099,Houston,TX,Harris County,0,0,0,0,0,0,0,0,0,0,0,0,0,0,0,0,0,0,0,0,0,0,0,0,0,0,0,0,0,0,0,0.753546099,0.757575758,0.753546099,0.76038328,0.75625,0.76901566,0.761554622,0.746636063,0.75489805,0.75625,0.75625,0.75625,0.75625,0.744161205,0.73964497,0.734722222,0.734722222,0.733727811,0.723065799,0.725128804,0.726930295,0.739020797,0.745198134,0.739726027,0.741239892,0.750670241,0.75210817,0.753546099,0.753546099,0.753342087,0.759319409,0.767195767,0.770588235,0.75625,0.766666667,0.757575758,0.776231263,0.770547945,0.759416768,0.758995983,0.76421976,0.784615385,0.793333333,0.775919118,0.77811245,0.801282051,0.769171277,0.78723688,0.766666667,0.791666667,0.770588235,0.770547945,0.770547945,0.770588235,0.770743034,0.798125035,0.799319728,0.793333333,0.784615385,0.792069094,0.80002759,0.793333333,0.7925,0.808102173,0.803571429,0.798452381,0.822580645,0.801329093,0.804289544,0.807142857,0.823726871,0.816203144,0.804505287,0.811180124,0.809061489,0.808102173,0.816950506,0.819372827,0.795454545
77090,Houston,TX,Harris County,0,0,0,0,0,0,0,0,0,0,0,0,0,0,0,0,0,0,0,0,0,0,0,0,0,0,0,0,0,0,0,0,0,0,0,0,0,0,0,0,0,0,0,0,0,0,0,0,0,0,0,0,0,0,0,0,0,0,0,0,0,0,0,0,0,0,0,0,0,0,0,0,0,0,0,0,0.811489428,0.771722561,0.753788455,0.729748875,0.729405034,0.751986726,0.759003751,0.753268903,0.746601226,0.744622173,0.761486835,0.748281333,0.76502236,0.755434783,0.802791386,0.765629705,0.779334238,0.740349022,0.729335494,0.741106719,0.72384286,0.762195122,0.76464457,0.759109312,0.761786061,0.785667295,0.781313462,0.781174373,0.783029613,0.783029613,0.763328966,0.75,0.756097561,0.775749603
77539,Dickinson,TX,Galveston County,0,0,0,0,0,0,0,0,0,0,0,0,0,0,0,0,0,0,0,0,0,0,0,0,0,0,0,0,0,0,0,0,0,0,0,0,0,0,0,0,0,0,0,0,0,0,0,0,0,0,0,0,0,0,0,0,0,0,0,0,0,0,0,0,0,0,0,0,0,0,0,0,0,0,0,0,0,0,0,0,0,0,0.93078951,0.921320659,0.93385214,1.001926782,1.043665433,0.908372828,0.909090909,0.928473177,0.93257874,0.971143174,0.924214418,0.924214418,0.935204906,0.975830632,0.985240876,0.975456262,0.960466295,1.008514558,0.975177305,0.992182802,1.012372575,1.011830281,1.004155125,0.984566259,1.019617577,1.009564293,1.019617577,1.019757199
77004,Houston,TX,Harris County,0,0,0,0,0,0,0,0,0,0,0,0,0,0,0,0,0,0,0,0,0,0,0,0,0,0,0,0,0,0,0,0,0,0,0,0,0,0,0,0,0,1.01885822,1.015744033,1.041173687,0.987436676,1.019173668,1.033289987,1.088973799,1.044607566,0.994457769,1.013171226,1.015625,1.072497233,1.114649682,1.088587701,1.0722252,1.095957136,1.144463057,1.094735732,1.068023976,1.105263158,1.105982275,1.157613535,1.163465327,1.164483261,1.178702049,1.151486908,1.091703057,1.095173642,1.175213675,1.151907847,1.151907847,1.111111111,1.14628821,1.095839525,1.123163354,1.110019646,1.120556414,1.088973799,1.131687243,1.056547619,1.079496954,1.095957136,1.076371725,1.101145746,1.103897338,1.127869763,1.132830922,1.083328865,1.08796516,1.112028526,1.102535832,1.097230334,1.111871365,1.151272197,1.095730936,1.111111111,1.136287748,1.182432432,1.167181383,1.132075472,1.113914412,1.137512639,1.14379085,1.115554654,1.128158845,1.158707865,1.151187905,1.159711075,1.142939815
77064,Houston,TX,Harris County,0,0,0,0,0,0,0,0,0,0,0,0,0,0,0,0,0,0,0,0,0,0,0,0,0,0,0,0,0,0,0,0,0,0,0,0,0,0,0,0,0,0,0,0,0,0,0.747607656,0.726843911,0.731439986,0.738446879,0.728383459,0.728383459,0.752335195,0.791556728,0.785123395,0.829289439,0.791556728,0.786516854,0.81611839,0.858823668,0.817613805,0.773993808,0.80381703,0.816743236,0.831713244,0.804556962,0.782167451,0.782167451,0.826507513,0.823916303,0.80796604,0.789567709,0.835471283,0.831682,0.845846578,0.795566502,0.84181972,0.796067565,0.792682927,0.804893754,0.762711864,0.775163653,0.760698797,0.755917885,0.801857585,0.808249721,0.82292849,0.856902678,0.835358445,0.825516756,0.82641668,0.84057971,0.819960977,0.829902652,0.829621215,0.845751656,0.860979463,0.871908687,0.851089306,0.845070423,0.850030358,0.877192982,0.881484868,0.849146415,0.826752221,0.825781257,0.850051003,0.866306437,0.850051003,0.869321368
77080,Houston,TX,Harris County,0,0,0,0,0,0,0,0,0,0,0,0,0,0,0,0,0,0,0,0,0,0,0,0,0,0,0,0,0,0,0,0,0,0,0,0,0,0,0,0,0,0,0,0,0,0,0,0,0,0,0,0,0,0,0,0,0,0,0,0,0,0,0,0,0,0,0,0,0,0,0,0,0,0,0,0,1.100759144,0.988214917,1.049180779,1.031746032,1.017857143,0.998957019,0.968087561,0.975885456,0.950386598,0.956158164,0.936914428,0.968134892,1.012256974,0.995746556,1.081078547,1.076457383,1.055727254,1.043478261,1.017857143,1.043478261,1.085680498,1.05994152,1.021798365,1.047501486,1.074579241,1.040444514,1.008064516,1.038141522,0.96595102,1.019637462,1.019736842,1.021209741,1.020408163,1.069852454
77044,Houston,TX,Harris County,0,0,0,0,0,0,0,0,0,0,0,0,0,0,0,0,0,0,0,0,0,0,0,0,0,0,0,0,0,0,0,0,0,0,0,0,0,0,0,0,0,0,0,0,0.741348957,0.730781353,0.735199968,0.800815376,0.797064189,0.800815376,0.768759077,0.800815376,0.814863103,0.808867585,0.797990385,0.798056905,0.789141343,0.808867585,0.80078125,0.823672971,0.824517735,0.807265388,0.794848005,0.793888556,0.793888556,0.793888556,0.801856665,0.819413804,0.807183423,0.79947641,0.774270399,0.801607445,0.798280626,0.798422563,0.787958774,0.808419768,0.796192751,0.805365211,0.793888556,0.792477711,0.768148565,0.783353733,0.77186964,0.775913721,0.775913721,0.802203065,0.785030951,0.807153195,0.778642937,0.793295299,0.810014728,0.808867585,0.829875519,0.841750842,0.848729407,0.840074673,0.823672971,0.838323353,0.840336134,0.867070674,0.864353885,0.862068966,0.874507535,0.864553314,0.862068966,0.874200426,0.871179356,0.881615068,0.874507535,0.857062173
77055,Houston,TX,Harris County,0,0,0,0,0,0,0,0,0,0,0,0,0,0,0,0,0,0,0,0,0,0,0,0,0,0,0,0,0,0,0,0,0,0,0,0,0,0,0,0,0,0,0,0,0,0,0,0,0,0,0,0,1.163610719,1.180555556,1.197318008,1.164429867,1.202002421,1.113172542,1.231702963,1.204525065,1.234567901,1.23689602,1.232658517,1.245262588,1.196791582,1.210526316,1.205357143,1.232730263,1.231874268,1.193820225,1.176986395,1.161771153,1.119664101,1.161527166,1.168844064,1.26754386,1.195752539,1.283378507,1.248504407,1.279772485,1.091829873,1.209800919,1.195056465,1.19108443,1.184134247,1.229299171,1.227232143,1.251576293,1.19047619,1.19753555,1.244417372,1.213392892,1.169266483,1.193082447,1.193469831,1.232579276,1.23350545,1.240079365,1.303708223,1.307420495,1.329022989,1.310175055,1.292350681,1.208459215,1.183691363,1.19379228,1.206140351,1.25,1.286549708,1.270184553
77498,Sugar Land,TX,Fort Bend County,0,0,0,0,0,0,0,0,0,0,0,0,0,0,0,0,0,0,0,0,0,0,0,0,0,0,0,0,0,0,0,0,0,0,0,0,0,0,0,0,0.7427695,0.75552085,0.779773157,0.81120944,0.779516841,0.762922013,0.758368201,0.786516854,0.781494217,0.781096964,0.810372771,0.819174757,0.82263978,0.818806128,0.832391272,0.85446527,0.819174757,0.822555928,0.825311053,0.797342193,0.785969699,0.808538163,0.834363412,0.832012678,0.845391278,0.82982036,0.818524871,0.821383259,0.840500391,0.828983727,0.83785418,0.83434466,0.813441884,0.813575081,0.811010125,0.81120944,0.832965045,0.868116047,0.808538163,0.835563041,0.844757282,0.832338889,0.830209844,0.849712074,0.856055802,0.850198836,0.861111111,0.838533541,0.83566108,0.835948408,0.831655153,0.838208931,0.857567456,0.846136349,0.830737279,0.806103277,0.828812538,0.84935648,0.849858357,0.849858357,0.855920114,0.872206025,0.870346189,0.867052023,0.862519603,0.85723192,0.872817955,0.881479631,0.888589468,0.854948146
77338,Humble,TX,Harris County,0,0,0,0,0,0,0,0,0,0,0,0,0,0,0,0,0,0,0,0,0,0,0,0,0,0.732995585,0.701272329,0.650084794,0.705430933,0.665983607,0.703432752,0.761858664,0.768060998,0.77047619,0.768060998,0.795228628,0.780120482,0.789800568,0.725910747,0.71063104,0.669033315,0.687757909,0.720147471,0.71027027,0.715853627,0.710654616,0.748951737,0.731723778,0.731723778,0.737566954,0.75577949,0.751312336,0.731794729,0.738770686,0.72972973,0.72972973,0.745289317,0.730718085,0.748777506,0.751811594,0.751811594,0.749464668,0.739595868,0.745033113,0.765224219,0.796516295,0.770118403,0.750608075,0.744574797,0.773809524,0.787631272,0.78,0.770911089,0.754809944,0.77043435,0.761812937,0.771036433,0.833059991,0.765645806,0.809184345,0.809620596,0.778485492,0.827295055,0.824350032,0.825630855,0.818029823,0.808914515,0.7975,0.808497146,0.813635392,0.804462713,0.805271542,0.813253012,0.818802658,0.815946405,0.832591537,0.814663951,0.817110656,0.803571429,0.821179455,0.82596043,0.820140088,0.81455314,0.838734274,0.829476072,0.815217391,0.814856036,0.812118126,0.803571429,0.804808384
77096,Houston,TX,Harris County,0,0,0,0,0,0,0,0,0,0,0,0,0,0,0,0,0,0,0,0,0,0,0,0,0,0,0,0,0,0,0,0,0,0,0,0,0,0,0,0,0.747288503,0.745338669,0.720184368,0.720184368,0.711797308,0.747288503,0.743388834,0.745338669,0.770894785,0.894647775,0.924137931,0.900946268,0.946422842,0.938541667,0.924137931,0.91503268,0.919585305,0.88,0.840112202,0.860056101,0.910982627,0.927554887,0.952702703,1.030485187,1.04391428,1.014109347,0.953678474,0.949525237,0.938716408,0.933333333,0.933333333,0.938945883,1.002430504,0.948589286,0.962463908,0.91503268,0.942305108,0.924137931,0.94375,0.907639061,0.924137931,0.88,0.944107716,0.944465433,0.933333333,0.961349851,1.001669449,1.003039514,0.998336106,0.957383157,0.984632685,0.930987292,0.933333333,0.94375,0.970812183,0.989914083,0.956666995,0.978062157,0.978062157,0.994017564,0.994017564,1.009211281,0.988436123,0.982905983,0.955002393,0.977891156,0.985209901,0.9945864,1.01461039,1.01461039
77009,Houston,TX,Harris County,0,0,0,0,0,0,0,0,0,0,0,0,0,0,0,0,0,0,0,0,0,0,0,0,0,0,0,0,0,0,0,0,0,0,0,0,0,0,0,0,0,0,0,0,0,0,0,0,0,0,0,1.497343325,1.360974755,1.361867704,1.361867704,1.452494874,1.464757709,1.456158664,1.46484375,1.417682927,1.535483183,1.576880667,1.516409871,1.4453125,1.455427757,1.490514905,1.361867704,1.397955687,1.392974,1.447044335,1.334776335,1.32247807,1.411979114,1.399688958,1.587301587,1.435249253,1.439920556,1.560750003,1.444833625,1.383344862,1.329238529,1.312335958,1.370903303,1.428576865,1.325757576,1.307448494,1.295022258,1.35,1.349722992,1.397870342,1.460045413,1.420120859,1.453927025,1.44319332,1.391465677,1.383547009,1.383547009,1.381578947,1.47312164,1.450116009,1.45631068,1.46155396,1.481111434,1.387244898,1.370089286,1.401967674,1.414790997,1.36796875,1.355421687,1.336867341
77035,Houston,TX,Harris County,0,0,0,0,0,0,0,0,0,0,0,0,0,0,0,0,0,0,0,0,0,0,0,0,0,0,0,0,0,0,0,0,0,0,0,0,0,0,0,0,0,0,0,0,0,0,0,0,0,0,0,0,0,0,0,0,0,0,0,0,0,0,0,0,0,0,0,0,0,0,0,0,0,0,0,0,0,0.773672055,0.801816684,0.773672055,0.857672173,0.778276529,0.857468535,0.866641914,0.862919132,0.85,0.860585198,0.860309733,0.941515763,0.935672515,0.907409026,0.823809524,0.838940381,0.895445135,0.881775733,0.878594249,0.904977376,0.921908894,0.941915228,0.939808119,0.932090546,0.942350333,0.939340165,0.946210571,0.946475196,0.924437299,0.920502737,0.93979798,0.968849146,0.935990338
77471,Rosenberg,TX,Fort Bend County,0,0,0,0,0,0,0,0,0,0,0,0,0,0,0,0,0,0,0,0,0,0,0,0,0,0,0,0,0,0,0,0,0,0,0,0,0,0,0,0,0,0,0,0,0,0,0,0,0,0,0,0,0,0,0,0,0,0,0,0,0,0,0,0,0,0,0,0,0,0,0,0,0,0,0,0,0,0,0,0,0,0,0.86229613,0.867799114,0.833539437,0.827300931,0.863991081,0.863991081,0.882270213,0.857968566,0.871559633,0.832443781,0.816254904,0.815926893,0.79104094,0.814162001,0.832198526,0.853658537,0.873941669,0.850055741,0.82664606,0.831300416,0.808397416,0.818485523,0.86130742,0.892771482,0.879396985,0.871650729,0.857085222,0.850369108
77065,Houston,TX,Harris County,0,0,0,0,0,0,0,0,0,0,0,0,0,0,0,0,0,0,0,0,0,0,0,0,0,0,0,0,0,0,0,0,0,0,0,0,0,0,0,0,0,0,0,0,0,0,0,0,0,0,0,0,0,0,0,0,0,0,0,0,0,0,0,0,0,0,0,0,0,0,0,0,0,0,0,0,0,0,0,0,0,0,0.781326874,0.76613121,0.769230769,0.785340314,0.822363659,0.803112186,0.836021505,0.7960199,0.812472552,0.790398126,0.778945217,0.794917258,0.792234532,0.809151786,0.824810294,0.859286945,0.870796378,0.858187957,0.868055556,0.899621212,0.881410256,0.883814626,0.867249583,0.829519451,0.82663092,0.822368421,0.869565217,0.872969422
77356,Montgomery,TX,Montgomery County,0,0,0,0,0,0,0,0,0,0,0,0,0,0,0,0,0,0,0,0,0,0,0,0,0,0,0,0,0,0,0,0,0,0,0,0,0,0,0,0,0,0,0,0,0,0.809323406,0.834407216,0.827048768,0.829339411,0.841765237,0.870712401,0.870712401,0.870712401,0.89275104,0.877337734,0.87163233,0.870712401,0.879780468,0.887858855,0.900934749,0.910991421,0.907952411,0.912747525,0.876706087,0.899429475,0.904059041,0.919220056,0.893839384,0.889436234,0.887509829,0.874111337,0.897363993,0.897363993,0.940733772,0.921942225,0.893057111,0.91540404,0.96749226,0.938786008,0.879566982,0.912123873,0.868167203,0.879400542,0.920028309,0.9290803,0.887761573,0.916241497,0.909090909,0.890501319,0.873839432,0.894360279,0.893177958,0.891901534,0.88778197,0.897218292,0.919681177,0.913060738,0.919681177,0.92834728,0.933147632,0.938823529,0.934450418,0.914634146,0.900058522,0.941283784,0.95646438,0.961182661,0.935063656,0.932475884,0.937683177
77006,Houston,TX,Harris County,0,0,0,0,0,0,0,0,0,0,0,0,0,0,0,0,0,0,0,0,0,0,0,0,0,0,0,0,0,0,0,0,0,0,0,0,0,0,0,0,0,0,0,0,0,0,1.499189627,1.407954945,1.356915695,1.3481364,1.435956347,1.458877691,1.395677077,1.3125,1.383297965,1.403823178,1.420805218,1.365611421,1.359889044,1.449281575,1.473314136,1.408450704,1.414141414,1.43150276,1.49288137,1.441480207,1.470588235,1.405405405,1.359322602,1.349524141,1.380126183,1.395833333,1.430641517,1.424501425,1.455406912,1.56789123,1.419698314,1.353965184,1.37434555,1.331689881,1.433491637,1.20523416,1.339231239,1.29857997,1.309226933,1.286061835,1.313445375,1.335311573,1.291899441,1.262302097,1.250488663,1.250488663,1.254248688,1.299771321,1.312656642,1.357142857,1.353595537,1.358129805,1.337610739,1.326690967,1.338028169,1.339038305,1.339421077,1.289615736,1.265008576,1.276333789,1.346808944,1.353135314,1.382488479,1.429355419
77054,Houston,TX,Harris County,0,0,0,0,0,0,0,0,0,0,0,0,0,0,0,0,0,0,0,0,0,0,0,0,0,0,0,0,0,0,0,0,0,0,0,0,1.20596206,1.2744486,1.279826464,1.062308478,1.069397865,0.948855422,0.97,0.910299003,0.910299003,0.910299003,0.948855422,0.924792922,1.020864382,1.026057191,0.999211771,1.020864382,1.019570572,0.97,0.97,0.97,0.995432191,0.97,0.985,0.960146199,0.97,0.944444444,1.02276916,1.037234043,1.061615321,1.078320091,1.055194805,1.014568158,1.007556675,1.01461039,0.97,0.957636816,0.924792922,0.944444444,1.018715323,0.97,0.9684375,0.97,0.966269511,0.919004923,0.97,0.890285714,0.953011501,0.9984375,1.024765158,1.02932363,1.022012579,0.96875,0.97,0.978138937,1.002227171,1,0.97,0.969283626,0.97,0.956906035,0.961538462,1.020864382,1.012801385,0.997225235,1.020864382,1.03030303,0.986842105,0.97,0.972012987,0.97,0.97,0.977209632,1.0113025,1.010638298
77079,Houston,TX,Harris County,0,0,0,0,0,0,0,0,0,0,0,0,0,0,0,0,0,0,0,0,0,0,0,0,0,0,0,0,0,0,0,0,0,0,0,0,0,0,0,0,0,0,0,0,0,0,0,0,0,0,0,0,0,0,0,0,0,0,0,0,0,0,0,0,0,0,0,0,0,0,0,0,0,0,0,0,0,0,0,0,0,0,0,0,0,0,0,0,0,0,0,0,0,0,0,0,0,1.030129086,1.022528986,1.053864169,1.058201058,1.070292161,1.030434981,1.034443671,1.035040953,1.029748284,1.011235955,1.02380343,0.981404959,1.010006303
77092,Houston,TX,Harris County,0,0,0,0,0,0,0,0,0,0,0,0,0,0,0,0,0,0,0,0,0,0,0,0,0,0,0,0,0,0,0,0,0,0,0,0,0,0,0,0,0,0,0,0,0,0,0,0,0,0,0,0,0,0,0,0,0,0,0,0,0,0,0,0,0,0,0,0,0,0,0,0,0,0,0,0,0,0,0,0,0,0,1.020636278,1.041666667,1.030237722,1.092525018,1.098901099,1.063829787,0.999373434,1.045653928,1.061320755,1.102521604,1.112611599,1.103072609,1.136363636,1.102535832,1.05799373,1.192883689,1.153549383,1.169811321,1.214474081,1.044154524,1.053571429,1.117761557,1.153294811,1.140541052,1.154891304,1.184419714,1.194061709,1.173986486
77074,Houston,TX,Harris County,0,0,0,0,0,0,0,0,0,0,0,0,0,0,0,0,0,0,0,0,0,0,0,0,0,0,0,0,0,0,0,0,0,0,0,0,0,0,0,0,0,0,0,0,0,0,0,0,0,0,0,0,0,0,0,0,0,0,0,0,0,0,0,0,0,0,0,0,0,0,0,0,0,0,0,0,0,0,0,0,0,0,0.891316849,0.914736188,0.935425468,0.926348323,0.944632005,0.969940215,0.925925926,0.95505618,0.982239782,0.886524823,0.955920709,0.984710751,0.990675991,0.984388946,0.959882859,0.91714105,0.971849866,0.976070529,0.982639581,1.030285087,0.998185118,0.884073434,0.918672306,0.946100917,0.917431193,0.888761468,0.936914428,0.956572542
77056,Houston,TX,Harris County,0,0,0,0,0,0,0,0,0,0,0,0,0,0,0,0,0,0,0,0,0,0,0,0,0,0,0,0,0,0,0,0,0,0,0,1.503861004,1.533305244,1.710327456,1.611803279,1.5,1.433035714,1.176470588,1.176470588,1.176470588,1.16356383,1.170017209,1.16356383,1.176470588,1.204545455,1.342082149,1.364467694,1.37617209,1.307379431,1.373095605,1.298599869,1.265615468,1.242236025,1.288659794,1.253304256,1.30025816,1.296364985,1.326375712,1.398627617,1.400571653,1.379417235,1.34204269,1.320692526,1.259161528,1.288659794,1.262859084,1.239356034,1.187122736,1.195920694,1.204757199,1.204968944,1.176470588,1.176470588,1.190508021,1.16356383,1.176470588,1.176470588,1.12793156,1.204545455,1.204545455,1.205400193,1.247660636,1.204545455,1.214975845,1.236360412,1.242236025,1.274104683,1.277720865,1.283618582,1.208177991,1.188455008,1.205211726,1.254826255,1.228982766,1.204968944,1.204757199,1.223776224,1.22631479,1.251243446,1.255008478,1.250670241,1.273726274,1.288425047,1.268115942,1.285797779,1.268115942
77304,Conroe,TX,Montgomery County,0,0,0,0,0,0,0,0,0,0,0,0,0,0,0,0,0,0,0,0,0,0,0,0,0,0,0,0,0,0,0,0,0,0,0,0,0,0,0,0,0,0,0,0,0,0,0,0,0,0,0,0,0,0,0,0,0,0,0,0,0,0,0,0,0,0,0,0,0,0,0,0,0,0,0,0,0,0,0,0,0,0,0.834597876,0.788643533,0.850298474,0.862564692,0.885306524,0.875860461,0.863344845,0.818317416,0.828853543,0.820029028,0.798357664,0.807473183,0.834905683,0.848883451,0.840190316,0.821596244,0.833545686,0.848608838,0.856591619,0.867281291,0.905101481,0.910596026,0.895632938,0.883438819,0.861793896,0.911603323,0.927511416,0.927511416
77354,The Woodlands,TX,Montgomery County,0,0,0,0,0,0,0,0,0,0,0,0,0,0,0,0,0,0,0,0,0,0,0,0,0,0,0,0,0,0,0,0,0,0,0,0,0,0,0,0,0,0,0,0,0,0,0,0,0,0,0,0,0,0,0,0,0,0,0,0,0,0,0,0,0,0,0,0,0,0,0,0,0,0,0,0,0,0,0,0,0,0,0.826014659,0.844180803,0.874635569,0.919687073,0.916988417,0.899550225,0.896252037,0.89423594,0.903432667,0.863115408,0.851660198,0.845608292,0.847047435,0.846075433,0.866647072,0.867035728,0.894559731,0.903464437,0.917903617,0.935162095,0.927356149,0.924530408,0.909090909,0.910362739,0.900205761,0.893454157,0.895462547,0.941780822
77381,The Woodlands,TX,Montgomery County,0,0,0,0,0,0,0,0,0,0,0,0,0,0,0,0,0,0,0,0,0.885389815,0.856094578,0.843627599,0.876070364,0.900318576,0.902890793,0.909090909,0.93972347,0.939849624,0.944027972,0.913676579,0.982209738,0.924369748,0.967614534,0.967614534,0.987458746,0.965872505,0.958194437,0.93270662,0.989539157,1.013847911,1.017964072,1.014023732,1.017699115,1.014023732,1.048683392,0.984011329,0.968835754,0.962815405,0.969853695,0.967184801,0.970669948,0.970088925,0.944400631,0.944228287,0.944228287,0.959624506,0.958820663,0.977970852,0.966733011,0.970795024,0.981418477,0.997304582,1.007109005,1.005819954,0.984736583,0.975260734,0.973280785,0.990973312,1.0087241,0.999048525,1.001392758,1.014060145,1.030042439,1.018808777,0.993916146,0.977653631,0.931562514,0.965214761,0.953463203,0.934104985,0.92,0.950074247,0.963997071,0.948023426,0.936090673,0.950624291,0.948468288,0.937825747,0.929227877,0.929714683,0.926651961,0.923392613,0.925,0.966716519,0.959998027,0.982939162,0.985808164,0.982318271,1.000600721,1.006632858,1.001226503,0.972877358,0.962514075,0.985934947,0.972877358,0.978965439,0.980769231,0.986182448,1.001499467
77377,Tomball,TX,Harris County,0,0,0,0,0,0,0,0,0,0,0,0,0,0,0,0,0,0,0,0,0,0,0,0,0,0,0,0,0,0,0,0,0,0,0,0,0,0,0,0,0,0,0,0,0,0,0,0,0,0.811074111,0.812619503,0.850246846,0.881410256,0.922978994,0.853889943,0.860289057,0.846653347,0.842459983,0.853889943,0.856653341,0.850965961,0.855106888,0.862068966,0.87665243,0.887104519,0.855745721,0.838323353,0.839834754,0.862663906,0.85761079,0.859069061,0.860677784,0.857376471,0.841903068,0.854351115,0.811688312,0.854627072,0.826591337,0.841346154,0.809178744,0.827433139,0.847823206,0.854009186,0.828528281,0.843945901,0.877632899,0.875156589,0.878684807,0.876527215,0.832334937,0.806845966,0.8401222,0.842400472,0.828488175,0.845864662,0.840176481,0.841346154,0.845785171,0.841346154,0.869565217,0.863678805,0.874603644,0.884390604,0.875897226,0.870827286,0.85106383,0.862919132,0.859489526,0.884016973,0.841346154
77365,Porter,TX,Montgomery County,0,0,0,0,0,0,0,0,0,0,0,0,0,0,0,0,0,0,0,0,0,0,0,0,0,0,0,0,0,0,0,0,0,0,0,0,0,0,0,0,0,0,0,0,0,0,0,0,0,0,0,0,0,0,0,0,0,0,0,0,0,0,0,0,0,0,0,0,0,0,0,0,0,0,0,0,0,0,0,0,0,0,0,0,0,0,0,0,0,0,0,0,0,0,0,0,0,0.863521654,0.913032995,0.885501466,0.859375,0.865168539,0.854789325,0.861406447,0.883218842,0.898473896,0.897225781,0.903614458,0.88701172,0.903614458
77025,Houston,TX,Harris County,0,0,0,0,0,0,0,0,0,0,0,0,0,0,0,0,0,0,0,0,0,0,0,0,0,0,0,0,0,0,0,0,0,0,0,0,0,0,1.197812708,1.027304072,0.897334021,0.93528817,0.906432749,0.899470899,0.964320154,0.897334021,0.897334021,0.897334021,0.921030746,1.025641026,0.97914006,1.01607781,1.042668546,1.028999065,1.09078114,1.01770122,1.008073736,1.036729858,1.027210884,1.007869432,1.082113304,1.145443236,1.171875,1.230101302,1.20186711,1.16838488,1.137841352,1.106526632,1.041676593,1.036258442,1.064537591,1.116358952,1.10642509,1.11662531,1.104917949,1.133144476,1.027210884,1.041666667,1.069550737,0.983263033,1.027210884,0.958828416,1.006036217,1.03341818,1.075911536,1.078582435,1.074619812,1.08577633,1.078869048,1.073072117,1.082004556,1.022424981,1.003756511,1.027210884,1.032448378,1.078888965,1.073653861,1.112656467,1.111798346,1.08577633,1.115403458,1.085746102,1.050564508,1.032065217,1.04719764,1.047207447,1.085029241,1.071369319,1.071369319,1.063519814
77571,La Porte,TX,Harris County,0,0,0,0,0,0,0,0,0,0,0,0,0,0,0,0,0,0,0,0,0,0,0,0,0,0,0,0,0,0,0,0,0,0,0,0,0,0,0,0,0,0,0,0,0,0,0,0,0,0,0,0,0,0,0,0,0,0,0,0,0,0,0,0,0,0,0,0,0,0,0,0,0,0,0,0,0,0,0,0,0,0,0,0,0,0,0,0,0,0,0,0,0,0,0,0,0,0,0.979444414,0.943396226,1.001796025,1,0.996140472,0.99931082,0.933215137,0.960922486,0.958640122,1.009259259,1.03021978,1.050620821
77073,Houston,TX,Harris County,0,0,0,0,0,0,0,0,0,0,0,0,0,0,0,0,0,0,0,0,0,0,0,0,0,0.687679083,0.673386899,0.647321429,0.674128058,0.68845107,0.674128058,0.754654984,0.667828107,0.663786332,0.686363636,0.763157895,0.685127107,0.714285714,0.732924694,0.681817218,0.675617745,0.688980784,0.686277702,0.677570093,0.674816475,0.670993488,0.68804414,0.715746421,0.715746421,0.720269534,0.723025584,0.730307773,0.738073386,0.736111111,0.74445046,0.748663102,0.732290562,0.733859731,0.716542319,0.736899563,0.717338217,0.75201745,0.75024674,0.752760205,0.765454026,0.773918588,0.801787592,0.787844682,0.785030951,0.775059666,0.74445046,0.746939837,0.759707372,0.759707372,0.763046075,0.811402646,0.812210662,0.821318229,0.756972112,0.789473684,0.769240955,0.772435897,0.7711983,0.772727273,0.74445046,0.766141502,0.756196257,0.762703486,0.77996726,0.777202073,0.785735425,0.772648707,0.801913337,0.805555556,0.802964793,0.799418605,0.792769266,0.788834951,0.791666667,0.807847663,0.790169133,0.780057797,0.78125,0.784992017,0.782446467,0.787187839,0.782064651,0.78460039,0.782064651,0.794195357
77380,The Woodlands,TX,Montgomery County,0,0,0,0,0,0,0,0,0,0,0,0,0,0,0,0,0,0,0,0,0,0,0,0,0,0,0,0,0,0.823045267,0.840751731,0.990852233,0.963921187,0.973709834,0.991605456,0.990708114,1.031405962,1.015792507,0.997146675,1.048951049,1.048268625,0.948275862,1.019965278,1.002483111,0.994865212,0.943809382,0.956683011,0.956683011,0.964340938,0.964340938,0.970486967,0.951639989,0.942232794,0.974403789,1.00879029,1.00249364,0.998356873,0.995644057,0.984199214,0.959677419,0.957241638,0.971646292,1.02118003,1.00233839,0.996483001,0.974770642,0.983561644,0.978647687,1.003344482,0.996857388,0.946394687,1.025938347,1.004728132,1.040582726,0.970795024,0.997331554,1.002094533,0.945723684,0.967353006,0.988527171,0.956216424,0.966191273,0.983908567,0.978647687,0.966844484,0.979020979,1.001992347,1.030871154,0.976138829,0.964704303,0.983552253,1.012401988,1.04767184,1.014403292,1.06292517,1.057781255,1.021153826,1.046158876,1.006711409,1.052001174,1.053571429,1.012987013,0.988533017,0.99736259,1.020182341,1.012140766,1.058851592,1.052421258,1.049180328,1.059502125
77389,The Woodlands,TX,Montgomery County,0,0,0,0,0,0,0,0,0,0,0,0,0,0,0,0,0,0,0,0,0,0,0,0,0,0,0,0,0,0,0,0,0,0,0,0.893898173,0.943166415,0.864188775,0.87191822,0.893243609,0.901898734,0.956090652,0.917687153,0.947661534,0.878593671,0.870901639,0.87191822,0.864854872,0.864854872,0.895626603,0.982764396,0.942670258,0.941503741,0.946969697,0.934667453,0.933625091,0.927715501,0.930715629,0.971210932,0.957446809,0.948766603,0.95609257,0.954738331,0.980993256,0.988508724,0.948588342,0.94273743,0.914913083,0.940944882,0.929899857,0.927876823,0.921556633,0.909090909,0.933706816,0.910596026,0.935925126,0.928170987,0.886323268,0.895633971,0.884955752,0.837957472,0.856034691,0.862254796,0.874414647,0.883179799,0.8984375,0.923699928,0.912711749,0.910789351,0.884039129,0.872194453,0.894593543,0.891341256,0.924608819,0.900217577,0.901984366,0.925482899,0.930222353,0.945787872,0.933856668,0.914041229,0.901756051,0.898652022,0.883960141,0.881057269,0.887664524,0.883908142,0.93153419,0.930232558,0.930181241
77382,The Woodlands,TX,Montgomery County,0,0,0,0,0,0,0,0,0,0,0,0,0,0,0,0,0.912408759,0.894054537,0.91562245,0.932010376,0.927947598,0.933271115,0.933997509,0.926585887,0.911611689,0.921880318,0.918041251,0.928186175,0.947983866,0.932090546,0.904576857,0.931011219,0.931011219,0.932017544,0.988793672,1.118090452,0.988517278,0.998767267,1.002055498,0.992555831,0.969852307,0.950196592,0.962013061,0.962013061,0.970814844,0.985291018,0.986256387,0.973809589,0.96852323,0.967311541,0.99626401,1.003261165,0.979083222,0.967283073,0.973828363,0.965632859,0.961846845,0.976423488,0.964630225,0.965396606,0.985221675,1.000542419,0.992163039,0.997652582,1.005025126,0.991735537,0.98206661,0.975164001,0.975164001,0.974718246,0.963762529,0.972786353,0.976471618,0.975989329,0.981461287,0.976138829,0.975609756,0.959645669,0.950292398,0.941721002,0.926738928,0.945607276,0.911259793,0.905342112,0.928186175,0.932176149,0.927440067,0.929054054,0.924269054,0.924713584,0.938691698,0.929549902,0.93388121,0.950570342,0.949964457,0.950520833,0.949994459,0.961788407,0.963512052,0.975094396,0.976385659,0.972850081,0.953757225,0.954198473,0.955506213,0.94181912,0.957446809,0.956359187,0.960384154,0.976864011
77477,Stafford,TX,Fort Bend County,0,0,0,0,0,0,0,0,0,0,0,0,0,0,0,0,0,0,0,0,0,0,0,0,0,0,0,0,0,0,0,0,0,0,0,0,0,0,0,0,0,0,0,0,0,0,0,0,0,0,0,0,0,0,0,0,0,0,0,0,0,0,0,0,0,0,0,0,0,0,0,0,0,0,0,0,0,0,0,0,0,0,0.836337419,0.850488184,0.854089372,0.84989858,0.860936402,0.840144231,0.808812266,0.829081633,0.852086949,0.828111762,0.807799443,0.82538518,0.840144231,0.840144231,0.77994429,0.774612694,0.834272553,0.847214973,0.838532182,0.836920134,0.864029666,0.845532559,0.835996007,0.830798907,0.830152921,0.830860534,0.829445308,0.830152921
77019,Houston,TX,Harris County,0,0,0,0,0,0,0,0,0,0,0,0,0,0,0,0,0,0,0,0,0,0,0,0,0,0,0,0,0,0,0,0,0,0,0,0,0,0,0,0,0,0,0,0,0,0,0,1.380042463,1.352015733,1.380042463,1.352015733,1.426992277,1.409978308,1.418142878,1.413427562,1.386687797,1.386138614,1.377388535,1.37727712,1.378757359,1.368966376,1.367855398,1.390974322,1.434022559,1.424242424,1.411764706,1.407904023,1.447319155,1.368140244,1.323279898,1.289608479,1.325193367,1.338319675,1.354453627,1.358925817,1.405325444,1.342285385,1.397624039,1.452885015,1.20540689,1.271970398,1.147197677,1.250449474,1.279069767,1.290048187,1.286512027,1.290544836,1.318687688,1.276034622,1.258613641,1.279494404,1.237623762,1.293107984,1.357002804,1.339883877,1.35,1.349737237,1.334746065,1.310861423,1.273097499,1.283594063,1.36443662,1.275571295,1.260121457,1.252236136,1.296776584,1.326216533,1.380126183,1.316739091,1.310790274
77493,Katy,TX,Harris County,0,0,0,0,0,0,0,0,0,0,0,0,0,0,0,0,0,0,0,0,0,0,0,0,0,0,0,0,0,0,0,0,0,0,0,0,0,0,0,0,0,0,0,0,0,0,0,0.75626479,0.772444675,0.766632017,0.776397516,0.768339768,0.755494505,0.791375133,0.790428944,0.790198275,0.781571502,0.791825949,0.785423132,0.828160031,0.877106439,0.801282051,0.801282051,0.829845741,0.859845228,0.856164384,0.843513671,0.829829412,0.806215192,0.833333333,0.820481798,0.805152979,0.803461063,0.829764454,0.770172968,0.816326531,0.853413655,0.819892473,0.805991441,0.813516896,0.794464377,0.776397516,0.803402647,0.810189526,0.817375058,0.814876724,0.830223881,0.805152979,0.802631579,0.803453532,0.812081152,0.816444559,0.843341996,0.930713547,0.920411478,0.942599887,0.920411478,0.920411478,0.920411478,0.895046591,0.895046591,0.895046591,0.887096774,0.895046591,0.895046591,0.970737198,0.970737198,0.964355469,0.936482085,0.921474359
77550,Galveston,TX,Galveston County,0,0,0,0,0,0,0,0,0,0,0,0,0,0,0,0,0,0,0,0,0,0,0,0,0,0,0,0,0,0,0,0,0,0,0,0,0,0,0,0,0,0,0,0,0,0,0,0,0,0,0,0,0,0,0,0,0,0,0,0,0,0,0,0,0,0,0,0,0,0,0,0,0,0,0,0,0,0,0,0,0,0,0,0,0,1.054481547,1.031746032,1.040833333,1.04,1.07827476,1.013758146,0.998003992,1.002886003,1.035714286,1.035949248,1.005208333,1.09375,1.022058824,1.035519126,1.178689298,1.211865623,1.285296844,1.111111111,1.102362205,1.109467456,1.084737828,1.113184956,1.120483054,1.116902457,1.12670068
77489,Missouri City,TX,Fort Bend County,0,0,0,0,0,0,0,0,0,0,0,0,0,0,0,0,0,0,0,0,0,0,0,0,0,0,0,0,0,0,0,0,0,0,0,0,0,0,0,0,0,0,0,0,0,0,0.695249131,0.696286472,0.710315009,0.718496684,0.699623664,0.724001755,0.709866303,0.731773667,0.721419465,0.726392252,0.766871166,0.755347797,0.744617225,0.748805209,0.757308863,0.756579614,0.767608447,0.763747454,0.796000419,0.778496854,0.806451613,0.78125,0.794778959,0.777202073,0.760965018,0.768412329,0.82781457,0.811304719,0.79106218,0.782514841,0.795165394,0.782190132,0.806451613,0.800457404,0.803571429,0.853578464,0.813325908,0.809002433,0.82781457,0.813885648,0.85078534,0.852272727,0.856291884,0.839880394,0.833441007,0.85980663,0.843412478,0.873616773,0.847665848,0.838762215,0.878303965,0.862987871,0.865610191,0.829764454,0.843222986,0.824119962,0.831024931,0.84833795,0.85250902,0.883507853,0.849515064,0.893687708,0.919238345,0.8855525
77027,Houston,TX,Harris County,0,0,0,0,0,0,0,0,0,0,0,0,0,0,0,0,0,0,0,0,0,0,0,0,0,0,0,0,0,0,0,0,0,0,0,0,0,0,0,0,0,0,0,0,0,0,0,0,0,1.4,1.400094832,1.433333333,1.4,1.495942711,1.528383655,1.413340829,1.433333333,1.410835214,1.410835214,1.47579693,1.531063489,1.535991612,1.536830949,1.53736413,1.509872242,1.5211439,1.43437863,1.469098278,1.502145923,1.528383655,1.4983873,1.5211439,1.484384984,1.456082668,1.454545455,1.461038961,1.5211439,1.466340721,1.4,1.4,1.4,1.424944666,1.413581752,1.400094832,1.457816377,1.496655518,1.433333333,1.442676768,1.434159061,1.442676768,1.484938481,1.46403121,1.49750416,1.433333333,1.425628012,1.42963238,1.403637282,1.401869159,1.401869159,1.484105045,1.528383655,1.535991612,1.495726496,1.516669511,1.461753856,1.472320377,1.430952381,1.409284699,1.404853129,1.401084464
77018,Houston,TX,Harris County,0,0,0,0,0,0,0,0,0,0,0,0,0,0,0,0,0,0,0,0,0,0,0,0,0,0,0,0,0,0,0,0,0,0,0,0,0,0,0,0,0,0,0,0,0,0,1.245330012,1.266229363,1.295731707,1.300306483,1.392496392,1.364528796,1.28,1.353874883,1.35491281,1.29576959,1.272657381,1.233262861,1.240458015,1.240458015,1.240607416,1.354205002,1.364921224,1.38836773,1.370930233,1.360667634,1.340849725,1.311365807,1.363326517,1.36279343,1.346801347,1.312863355,1.294068311,1.252874171,1.309210526,1.293329821,1.364528796,1.26146789,1.316189607,1.270685579,1.267482517,1.238738739,1.316417941,1.293847039,1.283379731,1.26172208,1.280878317,1.297109896,1.326623971,1.27886519,1.33521439,1.292407108,1.285636136,1.287042668,1.247563942,1.207988395,1.150251618,1.232253784,1.318396718,1.392013851,1.355712368,1.37434555,1.373904222,1.363326517,1.441767068,1.418439716,1.374570447,1.369723496,1.335273155,1.357744989
77590,Texas City,TX,Galveston County,0,0,0,0,0,0,0,0,0,0,0,0,0,0,0,0,0,0,0,0,0,0,0,0,0,0,0,0,0,0,0,0,0,0,0,0,0,0,0,0,0,0,0,0,0,0,0,0,0,0,0,0,0,0,0,0,0,0,0,0,0,0,0,0,0,0,0,0,0,0,0,0,0,0,0,0,0,0,0,0,0,0,0,0,0,0,0,0,0,0,0,0,0,0,0,0,0.936412044,0.902317334,0.864919011,0.90757928,0.907731116,0.979166667,0.938368116,0.961538462,0.923274799,0.936599424,0.936599424,0.935138598,0.962815405,0.916649292
77041,Houston,TX,Harris County,0,0,0,0,0,0,0,0,0,0,0,0,0,0,0,0,0,0,0,0,0,0,0,0,0,0,0,0,0,0,0,0,0,0,0,0,0,0,0,0,0,0,0,0,0,0,0.87165774,0.927030047,0.9375,0.944514368,1.048735349,1.16319986,1.137225171,1.109877913,1.042828381,1.027150958,1.034209689,1.005824259,0.95978685,0.990566038,0.984968354,1.012581016,1.055594652,1.089799477,1.052795031,1.011057027,1.007642735,1.038194444,1.043690376,1.032439125,1.011648519,0.971628449,0.959800508,0.946704067,1.001740035,0.969048308,0.921474359,0.915227653,0.94637224,0.902777778,0.857406269,0.912884716,0.895376953,0.888753194,0.904395472,0.907301894,0.904068307,0.934279792,0.891632373,0.883124163,0.904022984,0.885047281,0.852111343,0.859050047,0.856031128,0.906141869,0.933955971,0.932129456,0.949617515,1.000369227,0.947867299,0.928485157,0.92905247,0.901655707,0.894659523,0.92449923,0.903537117,0.901655707,0.939850695,0.926497838
77014,Houston,TX,Harris County,0,0,0,0,0,0,0,0,0,0,0,0,0,0,0,0,0,0,0,0,0,0,0,0,0,0,0,0,0,0,0,0,0,0,0,0,0,0,0,0,0,0,0,0,0,0,0,0,0,0,0,0,0,0,0,0,0,0,0,0,0,0,0,0,0,0,0,0,0,0,0,0,0,0,0,0,0,0,0,0,0,0.759603685,0.7996379,0.763517528,0.772430184,0.778392818,0.764607156,0.794621027,0.800206505,0.775645591,0.811597425,0.769459299,0.770020534,0.794621027,0.802261614,0.795037786,0.829875519,0.759803922,0.82289163,0.82587082,0.855745721,0.830273223,0.810126582,0.788426149,0.792445317,0.80273529,0.803331542,0.8099022,0.900393922,0.933609959
77301,Conroe,TX,Montgomery County,0,0,0,0,0,0,0,0,0,0,0,0,0,0,0,0,0,0,0,0,0,0,0,0,0,0,0,0,0,0,0,0,0,0,0,0,0,0,0,0,0,0,0,0,0,0,0,0,0,0,0,0,0,0,0,0,0,0,0,0,0,0,0,0,0,0,0,0,0,0,0,0,0,0,0,0,0,0,0,0,0,0,0,0,0,0,0,0,0,0,0,0,0,0,0,0,0.885455916,0.872641509,0.885455916,0.884262672,0.898133748,0.880351163,0.888157895,0.86576987,0.83573487,0.851973684,0.883069428,0.885455916,0.942380183,0.942380183
77021,Houston,TX,Harris County,0,0,0,0,0,0,0,0,0,0,0,0,0,0,0,0,0,0,0,0,0,0,0,0,0,0,0,0,0,0,0,0,0,0,0,0,0,0,0,0,0,0,0,0,0,0,0,0,0,0,0,0,0,0,0,0,0,0,0,0,0,0,0,0,0,0,0,0,0,0,0,0,0,0,0,0,0,0,0,0,0,0,1.041666667,1.034372082,1.000769823,1.036223033,1.020942408,0.996015936,0.996618677,0.970385939,0.978628509,0.999545661,0.969301547,0.990702479,1.021566402,1.02685624,1.058822502,0.995182992,0.978433344,1.012116895,0.997611465,1.006036217,0.99365342,1.011157601,1.012654272,1.014150943,1.014150943,1.041666667,1.094702376,1.086956522
77047,Houston,TX,Harris County,0,0,0,0,0,0,0,0,0,0,0,0,0,0,0,0,0,0,0,0,0,0,0,0,0,0,0,0,0,0,0,0,0,0,0,0,0,0,0,0,0,0,0,0,0,0,0,0,0,0,0,0,0,0,0,0,0,0,0,0,0,0,0,0,0,0,0,0,0,0,0,0,0,0,0,0.878787879,0.887788583,0.88057041,0.829015544,0.868263473,0.87431694,0.824526748,0.881881599,0.917590028,0.850755245,0.881881599,0.875186289,0.870786517,0.884433962,0.88311207,0.880560634,0.894653726,0.878801895,0.878787879,0.899071926,0.919742581,0.910729333,0.921810869,0.918999127,0.910027473,0.900735294,0.955032664,0.922190657,0.906395785,0.908820024,0.919681177,0.909090909,0.963313834,0.940690334,0.944155622
77586,Seabrook,TX,Harris County,0,0,0,0,0,0,0,0,0,0,0,0,0,0,0,0,0,0,0,0,0,0,0,0,0,0,0,0,0,0,0,0,0,0,0,0,0,0,0,0,0,0,0,0,0,0,0,0,0,0,0,0,0,0,0,0,0,0,0,0,0,0,0,0,0,0,0,0,0,0,0,0,0,0,0,0,0,0,0,0,0,0,0,0.943396226,0.966150223,0.966150223,0.932459128,0.914165103,0.966150223,1.041666667,1.04496346,1.04699276,1.001718813,0.992063492,0.969415292,0.969415292,0.986532464,0.992298036,0.960898122,0.973091214,0.973091214,0.976099699,1.029409823,1.001819869,0.955414013,0.955414013,0.99058232,0.955414013,0.990259102,1.000465333
77066,Houston,TX,Harris County,0,0,0,0,0,0,0,0,0,0,0,0,0,0,0,0,0,0,0,0,0,0,0,0,0,0,0,0,0,0,0,0,0,0,0,0,0,0,0,0,0,0,0,0,0,0,0,0,0,0,0,0,0,0,0,0,0,0,0,0,0,0,0,0,0,0,0,0,0,0,0,0,0,0,0,0,0,0,0,0,0,0,0.776927604,0.794738809,0.765881148,0.75,0.747497038,0.744732027,0.731714073,0.747303544,0.75634408,0.763813651,0.753424658,0.747303544,0.746728695,0.778263124,0.746153846,0.729442971,0.771498771,0.776956539,0.793851433,0.794013191,0.758533502,0.762420253,0.75248732,0.74968763,0.785340314,0.782778865,0.791819306,0.783542977
77005,Houston,TX,Harris County,0,0,0,0,0,0,0,0,0,0,0,0,0,0,0,0,0,0,0,0,0,0,0,0,0,0,0,0,0,0,0,0,0,0,0,0,0,0,0,0,0,0,0,0,0,0,0,0,0,0,0,0,0,0,0,0,0,0,0,0,0,0,0,0,0,0,0,0,0,0,0,0,0,0,0,0,0,0,0,0,0,0,1.631225571,1.612903226,1.631079478,1.633238611,1.656626506,1.676727029,1.644350882,1.639344262,1.634808853,1.625239006,1.597321005,1.617630014,1.593406593,1.653282948,1.678499531,1.66285107,1.630557233,1.594202899,1.594202899,1.585247729,1.595823494,1.57629256,1.593613077,1.561965812,1.520824606,1.541781594,1.594387755,1.614143921
77583,Arcola,TX,Fort Bend County,0,0,0,0,0,0,0,0,0,0,0,0,0,0,0,0,0,0,0,0,0,0,0,0,0,0,0,0,0,0,0,0,0,0,0,0,0,0,0,0,0,0,0,0,0,0,0,0,0,0,0,0,0,0,0,0,0,0,0,0,0,0,0,0,0,0,0,0,0,0,0,0,0,0,0,0,0,0,0,0,0,0,0,0,0,0,0,0.845568244,0.845568244,0.804500727,0.796483977,0.811453753,0.838082467,0.85118067,0.81300813,0.839977221,0.855613791,0.860046912,0.860046912,0.870395406,0.882687927,0.905665025,0.857142857,0.825016905,0.835922933,0.892814082,0.887434555,0.864260295,0.859710825,0.846688842
77071,Houston,TX,Harris County,0,0,0,0,0,0,0,0,0,0,0,0,0,0,0,0,0,0,0,0,0,0,0,0,0,0,0,0,0,0,0,0,0,0,0,0,0,0,0,0,0,0,0,0,0,0,0,0,0,0,0,0,0,0,0,0,0,0,0,0,0,0,0,0,0,0,0,0,0,0,0,0,0,0,0,0,0,0,0,0,0,0.755238095,0.794871795,0.798076923,0.803714975,0.818677987,0.802968147,0.822072072,0.817039973,0.822072072,0.801282051,0.844594595,0.846613546,0.842483108,0.823437764,0.783392073,0.801282051,0.835654596,0.801823458,0.801282051,0.79828185,0.801282051,0.806400188,0.823013416,0.829334006,0.814278073,0.794871795,0.763157895,0.793722129,0.794871795
77316,Montgomery,TX,Montgomery County,0,0,0,0,0,0,0,0,0,0,0,0,0,0,0,0,0,0,0,0,0,0,0,0,0,0,0,0,0,0,0,0,0,0,0,0,0,0,0,0,0,0,0,0,0,0,0,0,0,0,0,0,0,0,0,0,0,0,0,0,0,0,0,0,0,0,0,0,0,0,0,0,0,0,0,0,0,0,0,0,0,0,0.908711862,0.942622951,0.914203707,0.911577028,0.891840607,0.899908977,0.892857143,0.892857143,0.884955752,0.921627427,0.893437297,0.93599549,0.94757899,0.948188283,1.004032258,0.987617795,1.023364486,0.97147,0.957521699,0.919424941,0.921187308,0.921507155,0.95,0.917890521,0.925754522,0.925925926,0.925754522,0.958702065
77043,Houston,TX,Harris County,0,0,0,0,0,0,0,0,0,0,0,0,0,0,0,0,0,0,0,0,0,0,0,0,0,0,0,0,0,0,0,0,0,0,0,0,0,0,0,0,0,0,0,0,0,0,0,0,0,0,0,0,0,0,0,0,0,0,0,0,0,0,0,0,0,0,0,0,0,0,0,0,0,0,0,0,0,0,0,0,0,0,1.051178963,0.948062655,0.96640589,0.936524454,1.058140584,0.997493417,0.998391691,1.031036948,1.07891492,1.065891473,1.029750984,1.014225501,0.990752972,1.021080369,1.014656144,1.069335276,1.102362205,1.102362205,1.093135111,1.065514356,1.046099291,1.063548246,1.060606061,1.01744186,1.010368832,1.002086344,1.017270866,1.030396703
77045,Houston,TX,Harris County,0,0,0,0,0,0,0,0,0,0,0,0,0,0,0,0,0,0,0,0,0,0,0,0,0,0,0,0,0,0,0,0,0,0,0,0,0,0,0,0,0,0,0,0,0,0,0,0,0,0,0,0,0,0,0,0,0,0,0,0,0,0,0,0,0,0,0,0,0,0,0,0,0,0,0,0,0,0,0,0,0,0,0.85812357,0.876099707,0.837384221,0.85812357,0.848484848,0.819984744,0.819984744,0.821496797,0.839054157,0.839054157,0.829229443,0.837384221,0.839054157,0.839054157,0.839054157,0.839054157,0.883045526,0.891126025,0.869090909,0.875762704,0.875597454,0.866330228,0.860609404,0.869565217,0.864225782,0.84691708,0.851885902,0.833333333
77384,Conroe,TX,Montgomery County,0,0,0,0,0,0,0,0,0,0,0,0,0,0,0,0,0,0,0,0,0,0,0,0,0,0,0,0,0,0,0,0,0,0,0,0,0,0,0,0,0,0,0,0,0,0,0,0,0,0,0,0,0,0,0,0,0,0,0,0,0,0,0,0,0,0,0,0,0,0,0,0,0,0,0,0,0,0,0,0,0,0,0.879659908,0.914340712,0.892857143,0.873452926,0.866425993,0.920810313,0.920810313,0.908851423,0.90855803,0.907465355,0.919774832,0.904288252,0.887003471,0.883973122,0.889222813,0.928505107,0.942028986,0.964320154,0.907235863,0.940623163,0.915750916,0.90487239,0.90487239,0.927962764,0.968427244,0.945220193,0.887003471,0.925860131
77098,Houston,TX,Harris County,0,0,0,0,0,0,0,0,0,0,0,0,0,0,0,0,0,0,0,0,0,0,0,0,0,0,0,0,0,0,0,0,0,0,0,0,0,0,0,0,0,0,0,0,0,0,0,0,1.475380379,1.475380379,1.442388334,1.395469493,1.402064567,1.417731629,1.321060478,1.234603213,1.274319306,1.299300546,1.088008379,1.121164437,1.215631365,1.285714286,1.354388807,1.331880871,1.459249195,1.41202277,1.43853531,1.510223048,1.493566176,1.393587361,1.299846626,1.402035636,1.396566477,1.436268271,1.39749424,1.464746773,1.375861522,1.419927989,1.522635135,1.463062322,1.371056896,1.370909091,1.383537127,1.376409319,1.328448872,1.31394534,1.334459459,1.323555556,1.298997265,1.303462322,1.398724993,1.334459459,1.314609004,1.334459459,1.334459459,1.350912501,1.389037235,1.334459459,1.323555556,1.379949474,1.363636364,1.35597083,1.370909091,1.35884455,1.370386052,1.36343996,1.370909091,1.381106719,1.367365542,1.43266743
77062,Houston,TX,Harris County,0,0,0,0,0,0,0,0,0,0,0,0,0,0,0,0,0,0,0,0,0,0,0,0,0,0,0,0,0,0,0,0,0,0,0,0,0,0,0,0,0,0,0,0,0,0,0,0,0,0,0,0,0,0,0,0,0,0,0,0,0,0,0,0,0,0,0,0,0,0,0,0,0,0,0,0,0,0,0,0,0,0,0.903161064,0.891165161,0.908192587,0.884703196,0.921558351,0.913265306,0.920242082,0.903864489,0.939052261,0.96750192,0.92936803,0.911764706,0.920469166,0.896474575,0.891625648,0.934418146,0.950563382,0.938032973,0.938841202,0.926724138,0.922603793,0.943877551,0.967261905,0.932683495,0.916016301,0.923550539,0.958657879,0.954304463
77345,Houston,TX,Harris County,0,0,0,0,0,0,0,0,0,0,0,0,0,0,0,0,0,0,0,0,0,0,0,0,0,0,0,0,0,0,0,0,0,0,0,0,0,0,0,0,0,0,0,0,0,0,0,0,0,0,0,0,0,0,0,0,0,0,0,0,0,0,0,0,0,0,0,0,0,0,0,0,0,0,0,0,0,0,0,0,0,0,0.823568091,0.862068966,0.859373798,0.864737899,0.856311359,0.851908435,0.854191498,0.839793282,0.869037957,0.867386276,0.862873134,0.88380569,0.853007526,0.862873134,0.832508612,0.912168825,0.893163861,0.874233129,0.8675,0.85844717,0.844178684,0.839312977,0.829918033,0.825395449,0.825395449,0.854781937,0.872817955,0.887096774
77033,Houston,TX,Harris County,0,0,0,0,0,0,0,0,0,0,0,0,0,0,0,0,0,0,0,0,0,0,0,0,0,0,0,0,0,0,0,0,0,0,0,0,0,0,0,0,0,0,0,0,0,0,0,0,0,0,0,0,0,0,0,0,0,0,0,0,0,0,0,0,0,0,0,0,0,0,0,0,0,0,0,0,0,0,0,0,0,0,0,0,0,0,0,0.891376963,0.887830864,0.862000747,0.845737483,0.831255195,0.838353414,0.894134478,0.935462157,0.942535079,0.928641251,0.902184236,0.909090909,0.930685358,0.923668346,0.961538462,0.96099486,0.936123348,0.941176471,0.959498554,0.959498554,0.943396226,0.96749226,0.946935239
77478,Sugar Land,TX,Fort Bend County,0,0,0,0,0,0,0,0,0,0,0,0,0,0,0,0,0,0,0,0,0,0,0,0,0,0,0,0,0,0,0,0,0,0,0,0,0,0,0,0,0,0.86740586,0.844594595,0.912075885,0.923039608,0.881995134,0.888819059,0.90058102,0.897574855,0.869221652,0.877675841,0.865583556,0.879438443,0.889607764,0.906759096,0.898457382,0.881371872,0.874635569,0.874635569,0.881201044,0.909703504,0.932528799,0.915221616,0.922251094,0.928501942,0.930918287,0.931315483,0.946969697,0.957435506,0.922119683,0.877674163,0.912075885,0.924475086,0.929987158,0.951557093,0.91631969,0.912242322,0.914149444,0.877674163,0.896860987,0.927615572,0.930521092,0.884955752,0.875647062,0.896016386,0.903096405,0.91448344,0.922934933,0.918999657,0.903790087,0.903790087,0.859813469,0.871720117,0.869565217,0.899791642,0.877674163,0.86857309,0.877674163,0.890977004,0.928073147,0.895357411,0.885076253,0.905797101,0.876547745,0.890151515,0.882101626,0.874848168,0.874125874,0.907579793,0.928008999
77385,Conroe,TX,Montgomery County,0,0,0,0,0,0,0,0,0,0,0,0,0,0,0,0,0,0,0,0,0,0,0,0,0,0,0,0,0,0,0,0,0,0,0,0,0,0,0,0,0,0,0,0,0,0,0,0,0,0,0,0,0,0,0,0,0,0,0,0,0,0,0,0,0,0,0,0,0,0,0,0,0,0,0,0,0,0,0,0,0,0,0.777202073,0.800397618,0.79317598,0.832342449,0.841538573,0.792141952,0.802429895,0.78030439,0.772200772,0.808855765,0.824175824,0.862812472,0.825836749,0.819252432,0.827882546,0.811779391,0.792002132,0.818882466,0.840410742,0.820895522,0.843177798,0.852851324,0.854659234,0.847971329,0.847971329,0.866269626,0.860155383,0.870147256
77053,Houston,TX,Harris County,0,0,0,0,0,0,0,0,0,0,0,0,0,0,0,0,0,0,0,0,0,0,0,0,0,0,0,0,0,0,0,0,0,0,0,0,0,0,0,0,0,0,0,0,0,0,0,0,0,0,0,0,0,0,0,0,0,0,0,0,0,0,0,0,0,0,0,0,0,0,0,0,0,0,0,0,0,0,0,0,0,0,0.864301097,0.855513308,0.843071125,0.87118855,0.896262395,0.915331808,0.911971831,0.898379971,0.891719745,0.882590144,0.865243004,0.908417077,0.910931174,0.93770931,0.94404697,0.87936308,0.934579439,0.917484552,0.921501706,0.95712098,0.925266904,0.904003018,0.896414343,0.882916053,0.901180858,0.924879165,0.994865212,1.013513514
77069,Houston,TX,Harris County,0,0,0,0,0,0,0,0,0,0,0,0,0,0,0,0,0,0,0,0,0,0,0,0,0,0,0,0,0,0,0,0,0,0,0,0,0,0,0,0,0,0,0,0,0,0,0,0,0,0,0,0,0,0,0,0,0,0,0,0,0,0,0,0,0,0,0,0,0,0,0,0,0,0,0,0,0,0,0,0,0,0,0,0,0,0,0,0,0,0,0,0,0,0,0,0,0.760289634,0.822146828,0.853418593,0.830341113,0.838157721,0.812487227,0.80207305,0.789625088,0.784510198,0.784049962,0.796107917,0.79435128,0.810043066,0.787401575
77578,Manvel,TX,Brazoria County,0,0,0,0,0,0,0,0,0,0,0,0,0,0,0,0,0,0,0,0,0,0,0,0,0,0,0,0,0,0,0,0,0,0,0,0,0,0,0,0,0,0,0,0,0,0,0,0,0,0,0,0,0,0,0,0,0,0,0,0,0,0,0,0,0,0,0,0,0,0,0,0,0,0,0,0,0,0,0,0,0,0,0,0.866836484,0.889516727,0.890248715,0.889065817,0.924321202,0.941483198,0.941483198,0.926998841,0.941483198,0.941483198,0.941483198,0.941483198,0.933908046,0.921679211,0.933908046,0.933908046,0.915605096,0.904813608,0.847477327,0.856394281,0.87645307,0.90860042,0.887938402,0.889152341,0.882785679,0.889152341,0.903826788
77545,Fresno,TX,Fort Bend County,0,0,0,0,0,0,0,0,0,0,0,0,0,0,0,0,0,0,0,0,0,0,0,0,0,0,0,0,0,0,0,0,0,0,0,0,0,0,0,0,0,0,0,0,0,0,0,0,0,0,0,0,0,0,0,0,0,0,0,0,0,0,0,0,0,0,0,0,0,0,0,0,0,0,0,0,0,0,0,0,0,0.841908326,0.768808347,0.752151272,0.783847981,0.818788501,0.804242674,0.810185185,0.808297568,0.784655623,0.819623972,0.83174092,0.816485226,0.802209363,0.811858553,0.819881539,0.818788501,0.831586248,0.858379578,0.842696629,0.820823245,0.798022599,0.797647059,0.817442943,0.845523698,0.842696629,0.827149447,0.853727945,0.848214286,0.847008999
77568,La Marque,TX,Galveston County,0,0,0,0,0,0,0,0,0,0,0,0,0,0,0,0,0,0,0,0,0,0,0,0,0,0,0,0,0,0,0,0,0,0,0,0,0,0,0,0,0,0,0,0,0,0,0,0,0,0,0,0,0,0,0,0,0,0,0,0,0,0,0,0,0,0,0,0,0,0,0,0,0,0,0,0,0,0,0,0,0,0,0,0,0,0,0,0,0,0,0,0,0,0,0,0,0,0.931445604,0.991710864,0.952996212,0.92449923,0.917230458,0.957456327,0.947482404,0.956668542,0.978067576,0.978067576,0.978067576,0.976138829,0.956668542
77048,Houston,TX,Harris County,0,0,0,0,0,0,0,0,0,0,0,0,0,0,0,0,0,0,0,0,0,0,0,0,0,0,0,0,0,0,0,0,0,0,0,0,0,0,0,0,0,0,0,0,0,0,0,0,0,0,0,0,0,0,0,0,0,0,0,0,0,0,0,0,0,0,0,0,0,0,0,0,0,0,0,0,0,0,0,0,0,0,0,0,0,0,0,0,0,0,0,0,0,0,0,0,0,0.813953488,0.900108613,0.90966123,0.928256765,0.94217024,0.94217024,0.903971547,0.907307344,0.910643142,0.89986851,0.910029131,0.925925926,0.957358241
77401,Bellaire,TX,Harris County,0,0,0,0,0,0,0,0,0,0,0,0,0,0,0,0,0,0,0,0,0,0,0,0,0,0,0,0,0,0,0,0,0,0,0,0,0,0,0,0,0,0,0,0,0,0,0,0,0,1.272426074,1.293817389,1.261446409,1.30529595,1.277568124,1.312022901,1.333588904,1.311767302,1.246537396,1.287337734,1.288784745,1.302790347,1.323529412,1.370271714,1.402714932,1.347378736,1.399521531,1.300153692,1.255986559,1.246537396,1.258125448,1.252199516,1.303990641,1.391566466,1.389976507,1.311537692,1.333663653,1.336875727,1.290560472,1.264639581,1.235422741,1.29349327,1.23204049,1.235694581,1.228187919,1.288244767,1.30952381,1.304347826,1.2675207,1.307238994,1.308196721,1.328325938,1.395191229,1.402946079,1.361474068,1.346801347,1.391775617,1.356030006,1.352549889,1.311605856,1.33744856,1.348890876,1.338797814,1.318993506,1.29688747,1.272084806,1.246537396,1.23502994,1.237705091,1.27723154,1.323943662
77003,Houston,TX,Harris County,0,0,0,0,0,0,0,0,0,0,0,0,0,0,0,0,0,0,0,0,0,0,0,0,0,0,0,0,0,0,0,0,0,0,0,0,0,0,0,0,0,0,0,0,0,0,0,0,0,0,0,0,0,0,0,0,0,0,0,0,0,0,0,0,0,0,0,0,0,0,0,0,0,0,0,0,0,0,0,0,0,0,1.237781574,1.211114806,1.181649676,1.165128198,1.200980392,1.180124224,1.19601802,1.208378088,1.225,1.231980935,1.199791341,1.198630137,1.184834123,1.241272304,1.241272304,1.21703854,1.209189843,1.220776772,1.191353947,1.194571013,1.229773585,1.18159204,1.179973668,1.192736937,1.205400193,1.219512195,1.236249468,1.272624434
77094,Houston,TX,Harris County,0,0,0,0,0,0,0,0,0,0,0,0,0,0,0,0,0,0,0,0,0,0,0,0,0,0,0,0,0,0,0,0,0,0,0,0,0,0,0,0,0,0,0,0,0,0,0,0,0,0,0,0,0,0,0,0,0,0,0,0,0,0,0,0,0,0,0,0,0,0,0,0,0,0,0,0,0,0,0,0,0,0,0,0,0,0,0,0,0,0,0,0,0,0,0.978475788,0.972748182,0.963493829,0.956782787,0.944476245,0.955911042,0.9530533,0.903534601,0.911251981,0.939919508,0.950931913,0.968747811,0.954189786,0.989147602,1.007787448,0.947867299